kernel,backend,device,precision,n,threads,gops,mean_rel_error_f64,median_ms,min_ms,stddev_ms,block_size,repetitions,host,commit,timestamp
naive-ijk,cpu,Apple M1 Pro,f16,64,1,2.429598872988804,0.0,0.21579199999999998,0.214916,0.004024765372043443,64,5,Pauls-MacBook-Pro,unknown,2026-09-16T18:37:01Z
ikj,cpu,Apple M1 Pro,f16,64,1,18.696526638613506,0.0,0.028042,0.027625,0.00020001749923444237,64,5,Pauls-MacBook-Pro,unknown,2026-09-16T18:37:01Z
tiled,cpu,Apple M1 Pro,f16,64,1,18.836920202637156,0.0,0.027833,0.02775,0.00010038177125354994,64,5,Pauls-MacBook-Pro,unknown,2026-09-16T18:37:01Z
rayon-ikj,cpu,Apple M1 Pro,f16,64,1,9.679103513209151,0.0,0.054167,0.04375,0.005806963638598058,64,5,Pauls-MacBook-Pro,unknown,2026-09-16T18:37:01Z
rayon-ikj,cpu,Apple M1 Pro,f16,64,2,11.204650367584202,0.0,0.046792,0.043167000000000004,0.018596203133973345,64,5,Pauls-MacBook-Pro,unknown,2026-09-16T18:37:01Z
rayon-ikj,cpu,Apple M1 Pro,f16,64,4,12.800625030519068,0.0,0.040958,0.038417,0.001645305655493837,64,5,Pauls-MacBook-Pro,unknown,2026-09-16T18:37:01Z
rayon-ikj,cpu,Apple M1 Pro,f16,64,8,9.923494785456061,0.0,0.052833,0.045584,0.03826256950598064,64,5,Pauls-MacBook-Pro,unknown,2026-09-16T18:37:01Z
rayon-ikj,cpu,Apple M1 Pro,f16,64,10,6.367896226300512,0.0,0.082333,0.078041,0.0020938080618815107,64,5,Pauls-MacBook-Pro,unknown,2026-09-16T18:37:01Z
rayon-tiled,cpu,Apple M1 Pro,f16,64,1,7.626007272727272,0.0,0.06875,0.055583,0.022451274157606286,64,5,Pauls-MacBook-Pro,unknown,2026-09-16T18:37:01Z
rayon-tiled,cpu,Apple M1 Pro,f16,64,2,9.045998826736604,0.0,0.057958,0.055042,0.00372609624137649,64,5,Pauls-MacBook-Pro,unknown,2026-09-16T18:37:01Z
rayon-tiled,cpu,Apple M1 Pro,f16,64,4,10.399032072515222,0.0,0.050417000000000003,0.047959,0.006871788362573458,64,5,Pauls-MacBook-Pro,unknown,2026-09-16T18:37:01Z
rayon-tiled,cpu,Apple M1 Pro,f16,64,8,7.397361552028218,0.0,0.07087500000000001,0.06929099999999999,0.0011378568890682184,64,5,Pauls-MacBook-Pro,unknown,2026-09-16T18:37:01Z
rayon-tiled,cpu,Apple M1 Pro,f16,64,10,7.543712230215828,0.0,0.06949999999999999,0.068583,0.0010139623760278304,64,5,Pauls-MacBook-Pro,unknown,2026-09-16T18:37:01Z
static-ikj,cpu,Apple M1 Pro,f16,64,1,9.561367035051246,0.0,0.054833999999999994,0.04675,0.0041635121592232685,64,5,Pauls-MacBook-Pro,unknown,2026-09-16T18:37:01Z
static-ikj,cpu,Apple M1 Pro,f16,64,2,17.142558200366206,0.0,0.030583999999999997,0.029750000000000002,0.0005570221719105964,64,5,Pauls-MacBook-Pro,unknown,2026-09-16T18:37:01Z
static-ikj,cpu,Apple M1 Pro,f16,64,4,14.364054794520548,0.0,0.0365,0.026833,0.018512043490657645,64,5,Pauls-MacBook-Pro,unknown,2026-09-16T18:37:01Z
static-ikj,cpu,Apple M1 Pro,f16,64,8,7.710117647058824,0.0,0.068,0.043542,0.022041957497010108,64,5,Pauls-MacBook-Pro,unknown,2026-09-16T18:37:01Z
static-ikj,cpu,Apple M1 Pro,f16,64,10,9.32764019356675,0.0,0.056208,0.045333,0.012584378224608476,64,5,Pauls-MacBook-Pro,unknown,2026-09-16T18:37:01Z
static-tiled,cpu,Apple M1 Pro,f16,64,1,11.346260387811634,0.0,0.046208,0.046042,0.003800408622766768,64,5,Pauls-MacBook-Pro,unknown,2026-09-16T18:37:01Z
static-tiled,cpu,Apple M1 Pro,f16,64,2,15.196753623188407,0.0,0.034499999999999996,0.032458,0.001580846766767734,64,5,Pauls-MacBook-Pro,unknown,2026-09-16T18:37:01Z
static-tiled,cpu,Apple M1 Pro,f16,64,4,14.648189539561914,0.0,0.035792,0.027583,0.007976951786240154,64,5,Pauls-MacBook-Pro,unknown,2026-09-16T18:37:01Z
static-tiled,cpu,Apple M1 Pro,f16,64,8,7.096961082910322,0.0,0.07387500000000001,0.0675,0.0132101691699993,64,5,Pauls-MacBook-Pro,unknown,2026-09-16T18:37:01Z
static-tiled,cpu,Apple M1 Pro,f16,64,10,6.319844742583686,0.0,0.082959,0.030000000000000002,0.03984901825264959,64,5,Pauls-MacBook-Pro,unknown,2026-09-16T18:37:01Z
mps,metal,Apple M1 Pro,f16,64,1,2.325858298176269,0.0,0.225417,0.215417,0.006259185274458648,64,5,Pauls-MacBook-Pro,unknown,2026-09-16T18:37:01Z
naive-ijk,cpu,Apple M1 Pro,f16,128,1,2.607384567565467,0.0,1.608625,1.490333,0.057290832030962906,64,5,Pauls-MacBook-Pro,unknown,2026-09-16T18:37:01Z
ikj,cpu,Apple M1 Pro,f16,128,1,38.850897099824934,0.0,0.107959,0.09737499999999999,0.010226924107472399,64,5,Pauls-MacBook-Pro,unknown,2026-09-16T18:37:01Z
tiled,cpu,Apple M1 Pro,f16,128,1,27.632099399832665,0.0,0.151791,0.15170799999999998,0.00023331266575135187,64,5,Pauls-MacBook-Pro,unknown,2026-09-16T18:37:01Z
rayon-ikj,cpu,Apple M1 Pro,f16,128,1,38.583213746918354,0.0,0.108708,0.105541,0.0029174177794755443,64,5,Pauls-MacBook-Pro,unknown,2026-09-16T18:37:01Z
rayon-ikj,cpu,Apple M1 Pro,f16,128,2,69.04204115226338,0.0,0.06075,0.060625000000000005,0.001565917845865485,64,5,Pauls-MacBook-Pro,unknown,2026-09-16T18:37:01Z
rayon-ikj,cpu,Apple M1 Pro,f16,128,4,100.46237125748503,0.0,0.041749999999999995,0.0415,0.0012058423197085113,64,5,Pauls-MacBook-Pro,unknown,2026-09-16T18:37:01Z
rayon-ikj,cpu,Apple M1 Pro,f16,128,8,66.57625396825397,0.0,0.063,0.043207999999999996,0.03838364732539106,64,5,Pauls-MacBook-Pro,unknown,2026-09-16T18:37:01Z
rayon-ikj,cpu,Apple M1 Pro,f16,128,10,59.56464439900023,0.0,0.07041599999999999,0.060417,0.012183485018663584,64,5,Pauls-MacBook-Pro,unknown,2026-09-16T18:37:01Z
rayon-tiled,cpu,Apple M1 Pro,f16,128,1,25.298591005597373,0.0,0.165792,0.162709,0.006580831079734534,64,5,Pauls-MacBook-Pro,unknown,2026-09-16T18:37:01Z
rayon-tiled,cpu,Apple M1 Pro,f16,128,2,37.02206687144724,0.0,0.113292,0.090667,0.021455496417002333,64,5,Pauls-MacBook-Pro,unknown,2026-09-16T18:37:01Z
rayon-tiled,cpu,Apple M1 Pro,f16,128,4,40.36205818104834,0.0,0.103917,0.08654099999999999,0.023144724416160146,64,5,Pauls-MacBook-Pro,unknown,2026-09-16T18:37:01Z
rayon-tiled,cpu,Apple M1 Pro,f16,128,8,37.04920986847335,0.0,0.113209,0.11025,0.008493580593601266,64,5,Pauls-MacBook-Pro,unknown,2026-09-16T18:37:01Z
rayon-tiled,cpu,Apple M1 Pro,f16,128,10,36.56473336878536,0.0,0.114709,0.097625,0.010861190280075202,64,5,Pauls-MacBook-Pro,unknown,2026-09-16T18:37:01Z
static-ikj,cpu,Apple M1 Pro,f16,128,1,39.725183031359215,0.0,0.105583,0.10450000000000001,0.0016766849137509364,64,5,Pauls-MacBook-Pro,unknown,2026-09-16T18:37:01Z
static-ikj,cpu,Apple M1 Pro,f16,128,2,72.57585825027685,0.0,0.057791999999999996,0.057125,0.0018323558060595081,64,5,Pauls-MacBook-Pro,unknown,2026-09-16T18:37:01Z
static-ikj,cpu,Apple M1 Pro,f16,128,4,68.66565165430643,0.0,0.061083,0.05775,0.0025690330282034128,64,5,Pauls-MacBook-Pro,unknown,2026-09-16T18:37:01Z
static-ikj,cpu,Apple M1 Pro,f16,128,8,69.28038849705159,0.0,0.060541000000000005,0.051,0.010944160420059641,64,5,Pauls-MacBook-Pro,unknown,2026-09-16T18:37:01Z
static-ikj,cpu,Apple M1 Pro,f16,128,10,98.88261781832756,0.0,0.042416999999999996,0.041083,0.01847740268003055,64,5,Pauls-MacBook-Pro,unknown,2026-09-16T18:37:01Z
static-tiled,cpu,Apple M1 Pro,f16,128,1,26.173503900156007,0.0,0.16025,0.15929200000000002,0.0019919756022602213,64,5,Pauls-MacBook-Pro,unknown,2026-09-16T18:37:01Z
static-tiled,cpu,Apple M1 Pro,f16,128,2,48.8658674402619,0.0,0.085833,0.085208,0.00045537863366653227,64,5,Pauls-MacBook-Pro,unknown,2026-09-16T18:37:01Z
static-tiled,cpu,Apple M1 Pro,f16,128,4,51.94184520123839,0.0,0.08075,0.073667,0.005251161919042299,64,5,Pauls-MacBook-Pro,unknown,2026-09-16T18:37:01Z
static-tiled,cpu,Apple M1 Pro,f16,128,8,50.8659438744573,0.0,0.082458,0.066625,0.01334417980993961,64,5,Pauls-MacBook-Pro,unknown,2026-09-16T18:37:01Z
static-tiled,cpu,Apple M1 Pro,f16,128,10,48.04967293306297,0.0,0.08729100000000001,0.049666,0.022181041082419917,64,5,Pauls-MacBook-Pro,unknown,2026-09-16T18:37:01Z
mps,metal,Apple M1 Pro,f16,128,1,16.847368442193293,0.0,0.24895899999999999,0.230042,0.015610574102191124,64,5,Pauls-MacBook-Pro,unknown,2026-09-16T18:37:01Z
naive-ijk,cpu,Apple M1 Pro,f16,256,1,2.4377220313430032,0.0,13.764667,13.426334,0.3410668700178894,64,5,Pauls-MacBook-Pro,unknown,2026-09-16T18:37:01Z
ikj,cpu,Apple M1 Pro,f16,256,1,60.78238974570775,0.0,0.552042,0.55125,0.009482894109922342,64,5,Pauls-MacBook-Pro,unknown,2026-09-16T18:37:01Z
tiled,cpu,Apple M1 Pro,f16,256,1,27.417492419308847,0.0,1.223833,1.216958,0.010704999546940673,64,5,Pauls-MacBook-Pro,unknown,2026-09-16T18:37:01Z
rayon-ikj,cpu,Apple M1 Pro,f16,256,1,57.057306536662345,0.0,0.588083,0.5722919999999999,0.01597347059032573,64,5,Pauls-MacBook-Pro,unknown,2026-09-16T18:37:01Z
rayon-ikj,cpu,Apple M1 Pro,f16,256,2,95.48323501708795,0.0,0.35141700000000003,0.330666,0.018173905213244607,64,5,Pauls-MacBook-Pro,unknown,2026-09-16T18:37:01Z
rayon-ikj,cpu,Apple M1 Pro,f16,256,4,177.38088239958554,0.0,0.189166,0.18475,0.008122292638165659,64,5,Pauls-MacBook-Pro,unknown,2026-09-16T18:37:01Z
rayon-ikj,cpu,Apple M1 Pro,f16,256,8,219.0122708996919,0.0,0.153208,0.11625,0.034870806639652016,64,5,Pauls-MacBook-Pro,unknown,2026-09-16T18:37:01Z
rayon-ikj,cpu,Apple M1 Pro,f16,256,10,232.74858149633062,0.0,0.144166,0.130042,0.053357481645032685,64,5,Pauls-MacBook-Pro,unknown,2026-09-16T18:37:01Z
rayon-tiled,cpu,Apple M1 Pro,f16,256,1,26.844426097175987,0.0,1.2499589999999998,1.229333,0.01579110188682224,64,5,Pauls-MacBook-Pro,unknown,2026-09-16T18:37:01Z
rayon-tiled,cpu,Apple M1 Pro,f16,256,2,50.913950855939376,0.0,0.659042,0.633125,0.03845105254346097,64,5,Pauls-MacBook-Pro,unknown,2026-09-16T18:37:01Z
rayon-tiled,cpu,Apple M1 Pro,f16,256,4,85.0107725204455,0.0,0.394708,0.351375,0.034320149982189775,64,5,Pauls-MacBook-Pro,unknown,2026-09-16T18:37:01Z
rayon-tiled,cpu,Apple M1 Pro,f16,256,8,88.8762597969492,0.0,0.377541,0.355833,0.035146049268730044,64,5,Pauls-MacBook-Pro,unknown,2026-09-16T18:37:01Z
rayon-tiled,cpu,Apple M1 Pro,f16,256,10,90.1395083948959,0.0,0.37225,0.34783299999999995,0.021384747875530356,64,5,Pauls-MacBook-Pro,unknown,2026-09-16T18:37:01Z
static-ikj,cpu,Apple M1 Pro,f16,256,1,58.94498375054897,0.0,0.56925,0.560959,0.006036038088017676,64,5,Pauls-MacBook-Pro,unknown,2026-09-16T18:37:01Z
static-ikj,cpu,Apple M1 Pro,f16,256,2,102.52139374014641,0.0,0.327292,0.316542,0.006494163741391182,64,5,Pauls-MacBook-Pro,unknown,2026-09-16T18:37:01Z
static-ikj,cpu,Apple M1 Pro,f16,256,4,159.97345411203816,0.0,0.20975,0.18100000000000002,0.022831496976764357,64,5,Pauls-MacBook-Pro,unknown,2026-09-16T18:37:01Z
static-ikj,cpu,Apple M1 Pro,f16,256,8,227.23040354310712,0.0,0.14766700000000002,0.14275,0.00650657819441218,64,5,Pauls-MacBook-Pro,unknown,2026-09-16T18:37:01Z
static-ikj,cpu,Apple M1 Pro,f16,256,10,154.1251487076786,0.0,0.217709,0.169292,0.02850858983709998,64,5,Pauls-MacBook-Pro,unknown,2026-09-16T18:37:01Z
static-tiled,cpu,Apple M1 Pro,f16,256,1,26.103947671415327,0.0,1.285416,1.237792,0.028591853957027704,64,5,Pauls-MacBook-Pro,unknown,2026-09-16T18:37:01Z
static-tiled,cpu,Apple M1 Pro,f16,256,2,51.96863398624987,0.0,0.6456670000000001,0.638667,0.0051692305520261,64,5,Pauls-MacBook-Pro,unknown,2026-09-16T18:37:01Z
static-tiled,cpu,Apple M1 Pro,f16,256,4,88.08879648006385,0.0,0.38091600000000003,0.371917,0.02250893477488439,64,5,Pauls-MacBook-Pro,unknown,2026-09-16T18:37:01Z
static-tiled,cpu,Apple M1 Pro,f16,256,8,138.51158720330235,0.0,0.24225,0.21366700000000002,0.0141685169407387,64,5,Pauls-MacBook-Pro,unknown,2026-09-16T18:37:01Z
static-tiled,cpu,Apple M1 Pro,f16,256,10,111.52283174075613,0.0,0.300875,0.259417,0.024093653355188784,64,5,Pauls-MacBook-Pro,unknown,2026-09-16T18:37:01Z
mps,metal,Apple M1 Pro,f16,256,1,129.03515984017903,0.0,0.260041,0.253625,0.003918543709083789,64,5,Pauls-MacBook-Pro,unknown,2026-09-16T18:37:01Z
naive-ijk,cpu,Apple M1 Pro,f16,512,1,2.2404799856414552,0.0,119.811584,117.802417,1.2120638190992674,64,5,Pauls-MacBook-Pro,unknown,2026-09-16T18:37:01Z
ikj,cpu,Apple M1 Pro,f16,512,1,52.34105716920249,0.0,5.128583,5.093792,0.08405871968867967,64,5,Pauls-MacBook-Pro,unknown,2026-09-16T18:37:01Z
tiled,cpu,Apple M1 Pro,f16,512,1,27.101801375487156,0.0,9.904708999999999,9.837625,0.12948235386028453,64,5,Pauls-MacBook-Pro,unknown,2026-09-16T18:37:01Z
rayon-ikj,cpu,Apple M1 Pro,f16,512,1,51.986276970855315,0.0,5.163583,5.1292919999999995,0.07764752888405393,64,5,Pauls-MacBook-Pro,unknown,2026-09-16T18:37:01Z
rayon-ikj,cpu,Apple M1 Pro,f16,512,2,99.61730187811703,0.0,2.694667,2.6840420000000003,0.03439347342156642,64,5,Pauls-MacBook-Pro,unknown,2026-09-16T18:37:01Z
rayon-ikj,cpu,Apple M1 Pro,f16,512,4,188.7565832820603,0.0,1.422125,1.4038329999999999,0.023617970001674607,64,5,Pauls-MacBook-Pro,unknown,2026-09-16T18:37:01Z
rayon-ikj,cpu,Apple M1 Pro,f16,512,8,340.49209576660854,0.0,0.788375,0.747333,0.04637686526707039,64,5,Pauls-MacBook-Pro,unknown,2026-09-16T18:37:01Z
rayon-ikj,cpu,Apple M1 Pro,f16,512,10,385.4062541277818,0.0,0.6965,0.692333,0.16057862221136418,64,5,Pauls-MacBook-Pro,unknown,2026-09-16T18:37:01Z
rayon-tiled,cpu,Apple M1 Pro,f16,512,1,26.53518551615388,0.0,10.116208,10.00675,0.11124440942896878,64,5,Pauls-MacBook-Pro,unknown,2026-09-16T18:37:01Z
rayon-tiled,cpu,Apple M1 Pro,f16,512,2,52.712779805738606,0.0,5.092417,4.9586250000000005,0.10681561963261728,64,5,Pauls-MacBook-Pro,unknown,2026-09-16T18:37:01Z
rayon-tiled,cpu,Apple M1 Pro,f16,512,4,100.60043330423902,0.0,2.668333,2.64675,0.026295721927720415,64,5,Pauls-MacBook-Pro,unknown,2026-09-16T18:37:01Z
rayon-tiled,cpu,Apple M1 Pro,f16,512,8,184.90996198273893,0.0,1.4517090000000001,1.3857920000000001,0.5371842354572589,64,5,Pauls-MacBook-Pro,unknown,2026-09-16T18:37:01Z
rayon-tiled,cpu,Apple M1 Pro,f16,512,10,193.21744888763482,0.0,1.3892920000000002,1.355459,0.12924331755259139,64,5,Pauls-MacBook-Pro,unknown,2026-09-16T18:37:01Z
static-ikj,cpu,Apple M1 Pro,f16,512,1,50.08357777881431,0.0,5.35975,5.100834,0.16394081067781746,64,5,Pauls-MacBook-Pro,unknown,2026-09-16T18:37:01Z
static-ikj,cpu,Apple M1 Pro,f16,512,2,98.87274761791983,0.0,2.714959,2.666,0.052708013609886556,64,5,Pauls-MacBook-Pro,unknown,2026-09-16T18:37:01Z
static-ikj,cpu,Apple M1 Pro,f16,512,4,192.59943031390134,0.0,1.39375,1.383375,0.02620487698501945,64,5,Pauls-MacBook-Pro,unknown,2026-09-16T18:37:01Z
static-ikj,cpu,Apple M1 Pro,f16,512,8,195.6288527562607,0.0,1.3721670000000001,0.834875,0.24297613071554994,64,5,Pauls-MacBook-Pro,unknown,2026-09-16T18:37:01Z
static-ikj,cpu,Apple M1 Pro,f16,512,10,232.32777083944586,0.0,1.155417,1.131791,0.04475816859188945,64,5,Pauls-MacBook-Pro,unknown,2026-09-16T18:37:01Z
static-tiled,cpu,Apple M1 Pro,f16,512,1,27.309630877293504,0.0,9.829333,9.819791,0.04535462262217599,64,5,Pauls-MacBook-Pro,unknown,2026-09-16T18:37:01Z
static-tiled,cpu,Apple M1 Pro,f16,512,2,51.956503208529035,0.0,5.166542,5.098958,0.05651416652663301,64,5,Pauls-MacBook-Pro,unknown,2026-09-16T18:37:01Z
static-tiled,cpu,Apple M1 Pro,f16,512,4,100.66958784924057,0.0,2.6665,2.639375,0.027414576719329523,64,5,Pauls-MacBook-Pro,unknown,2026-09-16T18:37:01Z
static-tiled,cpu,Apple M1 Pro,f16,512,8,189.01695717261222,0.0,1.420166,1.404375,0.02373891908449076,64,5,Pauls-MacBook-Pro,unknown,2026-09-16T18:37:01Z
static-tiled,cpu,Apple M1 Pro,f16,512,10,160.3836846092628,0.0,1.6737080000000002,1.650958,0.035455224287825285,64,5,Pauls-MacBook-Pro,unknown,2026-09-16T18:37:01Z
mps,metal,Apple M1 Pro,f16,512,1,495.00260192405926,0.0,0.542291,0.314125,0.2042058960750154,64,5,Pauls-MacBook-Pro,unknown,2026-09-16T18:37:01Z
naive-ijk,cpu,Apple M1 Pro,f16,1024,1,2.1878154794090356,0.0,981.56525,979.731208,6.478957542212478,64,5,Pauls-MacBook-Pro,unknown,2026-09-16T18:37:01Z
ikj,cpu,Apple M1 Pro,f16,1024,1,52.50849343268399,0.0,40.897834,40.453959,0.3148050983858117,64,5,Pauls-MacBook-Pro,unknown,2026-09-16T18:37:01Z
tiled,cpu,Apple M1 Pro,f16,1024,1,26.167909157292836,0.0,82.06554200000001,81.85666599999999,0.31205164026920307,64,5,Pauls-MacBook-Pro,unknown,2026-09-16T18:37:01Z
rayon-ikj,cpu,Apple M1 Pro,f16,1024,1,52.88250503883612,0.0,40.608584,40.365291,0.15366674068678576,64,5,Pauls-MacBook-Pro,unknown,2026-09-16T18:37:01Z
rayon-ikj,cpu,Apple M1 Pro,f16,1024,2,103.27171357810958,0.0,20.7945,20.562041999999998,0.20734263762960103,64,5,Pauls-MacBook-Pro,unknown,2026-09-16T18:37:01Z
rayon-ikj,cpu,Apple M1 Pro,f16,1024,4,199.45590133438176,0.0,10.766708999999999,10.723540999999999,0.04057848638502935,64,5,Pauls-MacBook-Pro,unknown,2026-09-16T18:37:01Z
rayon-ikj,cpu,Apple M1 Pro,f16,1024,8,308.4948194023817,0.0,6.961166,5.5665000000000004,0.993123939924771,64,5,Pauls-MacBook-Pro,unknown,2026-09-16T18:37:01Z
rayon-ikj,cpu,Apple M1 Pro,f16,1024,10,394.1451423237286,0.0,5.448459,5.108916,0.2679535219964465,64,5,Pauls-MacBook-Pro,unknown,2026-09-16T18:37:01Z
rayon-tiled,cpu,Apple M1 Pro,f16,1024,1,25.979222391615703,0.0,82.661583,82.444041,0.4878179503213285,64,5,Pauls-MacBook-Pro,unknown,2026-09-16T18:37:01Z
rayon-tiled,cpu,Apple M1 Pro,f16,1024,2,50.628696450492306,0.0,42.416333,42.355458999999996,0.11209821215434333,64,5,Pauls-MacBook-Pro,unknown,2026-09-16T18:37:01Z
rayon-tiled,cpu,Apple M1 Pro,f16,1024,4,98.28975206535918,0.0,21.8485,21.680542,0.11866040529511178,64,5,Pauls-MacBook-Pro,unknown,2026-09-16T18:37:01Z
rayon-tiled,cpu,Apple M1 Pro,f16,1024,8,151.37560397387423,0.0,14.186458,11.156542,2.1507523884920605,64,5,Pauls-MacBook-Pro,unknown,2026-09-16T18:37:01Z
rayon-tiled,cpu,Apple M1 Pro,f16,1024,10,188.44807967970166,0.0,11.395624999999999,11.070084,0.2906313078580835,64,5,Pauls-MacBook-Pro,unknown,2026-09-16T18:37:01Z
static-ikj,cpu,Apple M1 Pro,f16,1024,1,52.84558081340636,0.0,40.636958,40.477625,0.18380539871641233,64,5,Pauls-MacBook-Pro,unknown,2026-09-16T18:37:01Z
static-ikj,cpu,Apple M1 Pro,f16,1024,2,102.9782963735539,0.0,20.85375,20.733458,0.24803042914267512,64,5,Pauls-MacBook-Pro,unknown,2026-09-16T18:37:01Z
static-ikj,cpu,Apple M1 Pro,f16,1024,4,199.92787161916837,0.0,10.741292,10.6785,0.04261945591276384,64,5,Pauls-MacBook-Pro,unknown,2026-09-16T18:37:01Z
static-ikj,cpu,Apple M1 Pro,f16,1024,8,391.89445649892787,0.0,5.47975,5.440625,0.2788591738177175,64,5,Pauls-MacBook-Pro,unknown,2026-09-16T18:37:01Z
static-ikj,cpu,Apple M1 Pro,f16,1024,10,304.7913491111663,0.0,7.04575,6.976792,0.14309113903208673,64,5,Pauls-MacBook-Pro,unknown,2026-09-16T18:37:01Z
static-tiled,cpu,Apple M1 Pro,f16,1024,1,25.8600942952318,0.0,83.042375,82.848292,0.5879196042804631,64,5,Pauls-MacBook-Pro,unknown,2026-09-16T18:37:01Z
static-tiled,cpu,Apple M1 Pro,f16,1024,2,50.25224474215945,0.0,42.734083999999996,42.328209,0.22717428531240125,64,5,Pauls-MacBook-Pro,unknown,2026-09-16T18:37:01Z
static-tiled,cpu,Apple M1 Pro,f16,1024,4,97.25408299298674,0.0,22.081166999999997,21.769040999999998,0.1458350053769674,64,5,Pauls-MacBook-Pro,unknown,2026-09-16T18:37:01Z
static-tiled,cpu,Apple M1 Pro,f16,1024,8,187.57909045416494,0.0,11.448417000000001,11.084458999999999,0.6523095826072925,64,5,Pauls-MacBook-Pro,unknown,2026-09-16T18:37:01Z
static-tiled,cpu,Apple M1 Pro,f16,1024,10,158.8610480840361,0.0,13.518,13.343833,0.40483815542300344,64,5,Pauls-MacBook-Pro,unknown,2026-09-16T18:37:01Z
mps,metal,Apple M1 Pro,f16,1024,1,995.415098441393,0.0,2.157375,2.01125,0.25181264778302936,64,5,Pauls-MacBook-Pro,unknown,2026-09-16T18:37:01Z
naive-ijk,cpu,Apple M1 Pro,f32,64,1,2.428664736537348,0.0,0.215875,0.215667,0.00012995768542105316,64,5,Pauls-MacBook-Pro,unknown,2026-09-16T18:37:01Z
ikj,cpu,Apple M1 Pro,f32,64,1,14.49670961676713,0.0,0.036166,0.035250000000000004,0.03804299231133114,64,5,Pauls-MacBook-Pro,unknown,2026-09-16T18:37:01Z
tiled,cpu,Apple M1 Pro,f32,64,1,14.68264814607371,0.0,0.035708,0.035500000000000004,0.00032193431006961583,64,5,Pauls-MacBook-Pro,unknown,2026-09-16T18:37:01Z
rayon-ikj,cpu,Apple M1 Pro,f32,64,1,9.876572978675306,0.0,0.053084,0.045667,0.0034502202393470478,64,5,Pauls-MacBook-Pro,unknown,2026-09-16T18:37:01Z
rayon-ikj,cpu,Apple M1 Pro,f32,64,2,13.61787012987013,0.0,0.0385,0.035584,0.007386128803371902,64,5,Pauls-MacBook-Pro,unknown,2026-09-16T18:37:01Z
rayon-ikj,cpu,Apple M1 Pro,f32,64,4,16.469952564948326,0.0,0.031833,0.024749999999999998,0.006331767028247329,64,5,Pauls-MacBook-Pro,unknown,2026-09-16T18:37:01Z
rayon-ikj,cpu,Apple M1 Pro,f32,64,8,9.306942644631032,0.0,0.056332999999999994,0.044542,0.009833126984840578,64,5,Pauls-MacBook-Pro,unknown,2026-09-16T18:37:01Z
rayon-ikj,cpu,Apple M1 Pro,f32,64,10,9.137917211328975,0.0,0.057374999999999995,0.053041000000000005,0.006852704261822478,64,5,Pauls-MacBook-Pro,unknown,2026-09-16T18:37:01Z
rayon-tiled,cpu,Apple M1 Pro,f32,64,1,13.244947453516573,0.0,0.039584,0.038834,0.0016248312220043053,64,5,Pauls-MacBook-Pro,unknown,2026-09-16T18:37:01Z
rayon-tiled,cpu,Apple M1 Pro,f32,64,2,12.813764786391632,0.0,0.040916,0.04025,0.0010077354811655697,64,5,Pauls-MacBook-Pro,unknown,2026-09-16T18:37:01Z
rayon-tiled,cpu,Apple M1 Pro,f32,64,4,10.090417444523565,0.0,0.051959000000000005,0.043207999999999996,0.03092590722517288,64,5,Pauls-MacBook-Pro,unknown,2026-09-16T18:37:01Z
rayon-tiled,cpu,Apple M1 Pro,f32,64,8,9.876759037733361,0.0,0.053083,0.052291,0.0018959621040516622,64,5,Pauls-MacBook-Pro,unknown,2026-09-16T18:37:01Z
rayon-tiled,cpu,Apple M1 Pro,f32,64,10,13.603030460277102,0.0,0.038542,0.037542,0.002961253501475346,64,5,Pauls-MacBook-Pro,unknown,2026-09-16T18:37:01Z
static-ikj,cpu,Apple M1 Pro,f32,64,1,14.137849207205264,0.0,0.037084,0.036083,0.013570450294665982,64,5,Pauls-MacBook-Pro,unknown,2026-09-16T18:37:01Z
static-ikj,cpu,Apple M1 Pro,f32,64,2,22.075284210526313,0.0,0.02375,0.023458,0.010602611060488824,64,5,Pauls-MacBook-Pro,unknown,2026-09-16T18:37:01Z
static-ikj,cpu,Apple M1 Pro,f32,64,4,11.086422363663276,0.0,0.047291,0.033292,0.008103883001376561,64,5,Pauls-MacBook-Pro,unknown,2026-09-16T18:37:01Z
static-ikj,cpu,Apple M1 Pro,f32,64,8,13.44328205128205,0.0,0.039,0.036583,0.011327882582371693,64,5,Pauls-MacBook-Pro,unknown,2026-09-16T18:37:01Z
static-ikj,cpu,Apple M1 Pro,f32,64,10,14.315030716723548,0.0,0.036625000000000005,0.03225,0.002959095926123383,64,5,Pauls-MacBook-Pro,unknown,2026-09-16T18:37:01Z
static-tiled,cpu,Apple M1 Pro,f32,64,1,14.446777437932267,0.0,0.036291000000000004,0.035750000000000004,0.008904167647792801,64,5,Pauls-MacBook-Pro,unknown,2026-09-16T18:37:01Z
static-tiled,cpu,Apple M1 Pro,f32,64,2,18.558867256637168,0.0,0.028249999999999997,0.022875,0.006260951189715505,64,5,Pauls-MacBook-Pro,unknown,2026-09-16T18:37:01Z
static-tiled,cpu,Apple M1 Pro,f32,64,4,13.588575279268072,0.0,0.038583,0.033958,0.0035472886829239028,64,5,Pauls-MacBook-Pro,unknown,2026-09-16T18:37:01Z
static-tiled,cpu,Apple M1 Pro,f32,64,8,13.28690539547378,0.0,0.039459,0.035334,0.02761186314249728,64,5,Pauls-MacBook-Pro,unknown,2026-09-16T18:37:01Z
static-tiled,cpu,Apple M1 Pro,f32,64,10,9.404269058295963,0.0,0.05575,0.046125000000000006,0.043475178041038544,64,5,Pauls-MacBook-Pro,unknown,2026-09-16T18:37:01Z
mps,metal,Apple M1 Pro,f32,64,1,2.345807606263982,0.0,0.2235,0.211167,0.006090298416333971,64,5,Pauls-MacBook-Pro,unknown,2026-09-16T18:37:01Z
naive-ijk,cpu,Apple M1 Pro,f32,128,1,3.139644154539541,0.0,1.335917,1.331084,0.006381570472853865,64,5,Pauls-MacBook-Pro,unknown,2026-09-16T18:37:01Z
ikj,cpu,Apple M1 Pro,f32,128,1,32.201950095969295,0.0,0.13025,0.130083,0.00019534533523993434,64,5,Pauls-MacBook-Pro,unknown,2026-09-16T18:37:01Z
tiled,cpu,Apple M1 Pro,f32,128,1,20.932271990018716,0.0,0.200375,0.199292,0.0115338247862537,64,5,Pauls-MacBook-Pro,unknown,2026-09-16T18:37:01Z
rayon-ikj,cpu,Apple M1 Pro,f32,128,1,29.399464483478894,0.0,0.14266600000000002,0.140625,0.001023892474823405,64,5,Pauls-MacBook-Pro,unknown,2026-09-16T18:37:01Z
rayon-ikj,cpu,Apple M1 Pro,f32,128,2,55.15772862365535,0.0,0.076042,0.075125,0.0011560446358164563,64,5,Pauls-MacBook-Pro,unknown,2026-09-16T18:37:01Z
rayon-ikj,cpu,Apple M1 Pro,f32,128,4,65.62110236713237,0.0,0.063917,0.054708,0.0067856731279954865,64,5,Pauls-MacBook-Pro,unknown,2026-09-16T18:37:01Z
rayon-ikj,cpu,Apple M1 Pro,f32,128,8,72.41922060880225,0.0,0.057917,0.05275,0.015858675338753868,64,5,Pauls-MacBook-Pro,unknown,2026-09-16T18:37:01Z
rayon-ikj,cpu,Apple M1 Pro,f32,128,10,56.142635326872615,0.0,0.07470800000000001,0.060334,0.02580629741942846,64,5,Pauls-MacBook-Pro,unknown,2026-09-16T18:37:01Z
rayon-tiled,cpu,Apple M1 Pro,f32,128,1,20.299111917725348,0.0,0.206625,0.20441700000000002,0.005157462234471525,64,5,Pauls-MacBook-Pro,unknown,2026-09-16T18:37:01Z
rayon-tiled,cpu,Apple M1 Pro,f32,128,2,38.15917609811129,0.0,0.109916,0.10775,0.0015700906980171572,64,5,Pauls-MacBook-Pro,unknown,2026-09-16T18:37:01Z
rayon-tiled,cpu,Apple M1 Pro,f32,128,4,34.11168041119732,0.0,0.122958,0.121333,0.002182296221872737,64,5,Pauls-MacBook-Pro,unknown,2026-09-16T18:37:01Z
rayon-tiled,cpu,Apple M1 Pro,f32,128,8,30.944909658332158,0.0,0.13554100000000002,0.127625,0.022166477072372136,64,5,Pauls-MacBook-Pro,unknown,2026-09-16T18:37:01Z
rayon-tiled,cpu,Apple M1 Pro,f32,128,10,33.211161435403675,0.0,0.126292,0.12175000000000001,0.005427979228036892,64,5,Pauls-MacBook-Pro,unknown,2026-09-16T18:37:01Z
static-ikj,cpu,Apple M1 Pro,f32,128,1,30.26564585843862,0.0,0.138583,0.137208,0.00113103947764877,64,5,Pauls-MacBook-Pro,unknown,2026-09-16T18:37:01Z
static-ikj,cpu,Apple M1 Pro,f32,128,2,41.99553441802253,0.0,0.099875,0.09575,0.003819302226847206,64,5,Pauls-MacBook-Pro,unknown,2026-09-16T18:37:01Z
static-ikj,cpu,Apple M1 Pro,f32,128,4,59.10967050931538,0.0,0.070958,0.060583,0.014999528235914624,64,5,Pauls-MacBook-Pro,unknown,2026-09-16T18:37:01Z
static-ikj,cpu,Apple M1 Pro,f32,128,8,45.14032954141869,0.0,0.092917,0.08033399999999999,0.006857531749835365,64,5,Pauls-MacBook-Pro,unknown,2026-09-16T18:37:01Z
static-ikj,cpu,Apple M1 Pro,f32,128,10,55.0975894909688,0.0,0.076125,0.043250000000000004,0.018051432311592338,64,5,Pauls-MacBook-Pro,unknown,2026-09-16T18:37:01Z
static-tiled,cpu,Apple M1 Pro,f32,128,1,19.87030755528605,0.0,0.211084,0.206334,0.0042625924975301065,64,5,Pauls-MacBook-Pro,unknown,2026-09-16T18:37:01Z
static-tiled,cpu,Apple M1 Pro,f32,128,2,30.9068293689392,0.0,0.135708,0.132917,0.002479767065673706,64,5,Pauls-MacBook-Pro,unknown,2026-09-16T18:37:01Z
static-tiled,cpu,Apple M1 Pro,f32,128,4,43.29604129032258,0.0,0.096875,0.073666,0.012498195041685025,64,5,Pauls-MacBook-Pro,unknown,2026-09-16T18:37:01Z
static-tiled,cpu,Apple M1 Pro,f32,128,8,43.3708069652976,0.0,0.096708,0.085792,0.007536857601149176,64,5,Pauls-MacBook-Pro,unknown,2026-09-16T18:37:01Z
static-tiled,cpu,Apple M1 Pro,f32,128,10,46.798370990237096,0.0,0.089625,0.07625,0.01080837882385698,64,5,Pauls-MacBook-Pro,unknown,2026-09-16T18:37:01Z
mps,metal,Apple M1 Pro,f32,128,1,14.306925086810887,0.0,0.293166,0.223709,0.03456051014525104,64,5,Pauls-MacBook-Pro,unknown,2026-09-16T18:37:01Z
naive-ijk,cpu,Apple M1 Pro,f32,256,1,2.317808531061301,0.0,14.476792,13.878582999999999,0.6288277693985853,64,5,Pauls-MacBook-Pro,unknown,2026-09-16T18:37:01Z
ikj,cpu,Apple M1 Pro,f32,256,1,26.137824342745862,0.0,1.28375,1.281167,0.004467297538781092,64,5,Pauls-MacBook-Pro,unknown,2026-09-16T18:37:01Z
tiled,cpu,Apple M1 Pro,f32,256,1,20.984635397123203,0.0,1.599,1.588,0.04582270908839851,64,5,Pauls-MacBook-Pro,unknown,2026-09-16T18:37:01Z
rayon-ikj,cpu,Apple M1 Pro,f32,256,1,25.84589408819565,0.0,1.29825,1.29175,0.02083148995391352,64,5,Pauls-MacBook-Pro,unknown,2026-09-16T18:37:01Z
rayon-ikj,cpu,Apple M1 Pro,f32,256,2,46.74673443002987,0.0,0.717792,0.681625,0.04005553547638574,64,5,Pauls-MacBook-Pro,unknown,2026-09-16T18:37:01Z
rayon-ikj,cpu,Apple M1 Pro,f32,256,4,88.1464166843987,0.0,0.38066700000000003,0.362208,0.014187444671257758,64,5,Pauls-MacBook-Pro,unknown,2026-09-16T18:37:01Z
rayon-ikj,cpu,Apple M1 Pro,f32,256,8,102.50823929075501,0.0,0.32733399999999996,0.285875,0.05683464184808417,64,5,Pauls-MacBook-Pro,unknown,2026-09-16T18:37:01Z
rayon-ikj,cpu,Apple M1 Pro,f32,256,10,101.74422666407918,0.0,0.329792,0.239042,0.041243249650094245,64,5,Pauls-MacBook-Pro,unknown,2026-09-16T18:37:01Z
rayon-tiled,cpu,Apple M1 Pro,f32,256,1,20.766027182264505,0.0,1.6158329999999999,1.6002919999999998,0.03718430093870271,64,5,Pauls-MacBook-Pro,unknown,2026-09-16T18:37:01Z
rayon-tiled,cpu,Apple M1 Pro,f32,256,2,40.44529998493295,0.0,0.829625,0.824375,0.0045537234544930525,64,5,Pauls-MacBook-Pro,unknown,2026-09-16T18:37:01Z
rayon-tiled,cpu,Apple M1 Pro,f32,256,4,68.53675883353793,0.0,0.48958300000000005,0.466375,0.03870932228804838,64,5,Pauls-MacBook-Pro,unknown,2026-09-16T18:37:01Z
rayon-tiled,cpu,Apple M1 Pro,f32,256,8,70.01446426708398,0.0,0.47925,0.445459,0.025345751346132935,64,5,Pauls-MacBook-Pro,unknown,2026-09-16T18:37:01Z
rayon-tiled,cpu,Apple M1 Pro,f32,256,10,65.74466225814352,0.0,0.510375,0.46775,0.02465427532295366,64,5,Pauls-MacBook-Pro,unknown,2026-09-16T18:37:01Z
static-ikj,cpu,Apple M1 Pro,f32,256,1,26.04737123197496,0.0,1.288208,1.285542,0.004251053963430756,64,5,Pauls-MacBook-Pro,unknown,2026-09-16T18:37:01Z
static-ikj,cpu,Apple M1 Pro,f32,256,2,47.64001118788982,0.0,0.704333,0.699625,0.003030493887141165,64,5,Pauls-MacBook-Pro,unknown,2026-09-16T18:37:01Z
static-ikj,cpu,Apple M1 Pro,f32,256,4,84.7156580817657,0.0,0.39608299999999996,0.387959,0.007537950669777567,64,5,Pauls-MacBook-Pro,unknown,2026-09-16T18:37:01Z
static-ikj,cpu,Apple M1 Pro,f32,256,8,137.89511492481498,0.0,0.24333300000000002,0.229167,0.012522702336157316,64,5,Pauls-MacBook-Pro,unknown,2026-09-16T18:37:01Z
static-ikj,cpu,Apple M1 Pro,f32,256,10,100.63803585300089,0.0,0.333417,0.32458299999999995,0.016668148688441686,64,5,Pauls-MacBook-Pro,unknown,2026-09-16T18:37:01Z
static-tiled,cpu,Apple M1 Pro,f32,256,1,20.91596197600125,0.0,1.60425,1.589708,0.03404886439662859,64,5,Pauls-MacBook-Pro,unknown,2026-09-16T18:37:01Z
static-tiled,cpu,Apple M1 Pro,f32,256,2,39.9576445370646,0.0,0.83975,0.829458,0.02213085970991637,64,5,Pauls-MacBook-Pro,unknown,2026-09-16T18:37:01Z
static-tiled,cpu,Apple M1 Pro,f32,256,4,70.63466388235146,0.0,0.475042,0.4445,0.027726365914053717,64,5,Pauls-MacBook-Pro,unknown,2026-09-16T18:37:01Z
static-tiled,cpu,Apple M1 Pro,f32,256,8,112.01912252705797,0.0,0.29954200000000003,0.285042,0.013907961004403188,64,5,Pauls-MacBook-Pro,unknown,2026-09-16T18:37:01Z
static-tiled,cpu,Apple M1 Pro,f32,256,10,88.22359294725162,0.0,0.380334,0.3745,0.021379546269741086,64,5,Pauls-MacBook-Pro,unknown,2026-09-16T18:37:01Z
mps,metal,Apple M1 Pro,f32,256,1,92.99158336404929,0.0,0.360833,0.27525,0.5566713293181175,64,5,Pauls-MacBook-Pro,unknown,2026-09-16T18:37:01Z
naive-ijk,cpu,Apple M1 Pro,f32,512,1,2.2346956305349903,0.0,120.121708,117.94708399999999,1.2944745666368656,64,5,Pauls-MacBook-Pro,unknown,2026-09-16T18:37:01Z
ikj,cpu,Apple M1 Pro,f32,512,1,26.277700002535404,0.0,10.215333,10.095625,0.11181700275763108,64,5,Pauls-MacBook-Pro,unknown,2026-09-16T18:37:01Z
tiled,cpu,Apple M1 Pro,f32,512,1,19.983470105989966,0.0,13.432875000000001,13.33425,0.14271557370973847,64,5,Pauls-MacBook-Pro,unknown,2026-09-16T18:37:01Z
rayon-ikj,cpu,Apple M1 Pro,f32,512,1,26.14482514792179,0.0,10.26725,10.207291999999999,0.0351178233693382,64,5,Pauls-MacBook-Pro,unknown,2026-09-16T18:37:01Z
rayon-ikj,cpu,Apple M1 Pro,f32,512,2,50.98973425776427,0.0,5.2645,5.237667,0.024571321643330375,64,5,Pauls-MacBook-Pro,unknown,2026-09-16T18:37:01Z
rayon-ikj,cpu,Apple M1 Pro,f32,512,4,98.11836321880759,0.0,2.735833,2.722125,0.0170090396319132,64,5,Pauls-MacBook-Pro,unknown,2026-09-16T18:37:01Z
rayon-ikj,cpu,Apple M1 Pro,f32,512,8,172.64118080231532,0.0,1.554875,1.489459,0.07134892772635054,64,5,Pauls-MacBook-Pro,unknown,2026-09-16T18:37:01Z
rayon-ikj,cpu,Apple M1 Pro,f32,512,10,193.84546548901602,0.0,1.384791,1.3828340000000001,0.05577070373233602,64,5,Pauls-MacBook-Pro,unknown,2026-09-16T18:37:01Z
rayon-tiled,cpu,Apple M1 Pro,f32,512,1,19.763695705792486,0.0,13.58225,13.439167,0.09444594665892247,64,5,Pauls-MacBook-Pro,unknown,2026-09-16T18:37:01Z
rayon-tiled,cpu,Apple M1 Pro,f32,512,2,38.25252049958831,0.0,7.0174579999999995,6.896833,0.07686058266888167,64,5,Pauls-MacBook-Pro,unknown,2026-09-16T18:37:01Z
rayon-tiled,cpu,Apple M1 Pro,f32,512,4,71.9537433922674,0.0,3.730667,3.670875,0.04452905959932227,64,5,Pauls-MacBook-Pro,unknown,2026-09-16T18:37:01Z
rayon-tiled,cpu,Apple M1 Pro,f32,512,8,133.76626684938336,0.0,2.00675,1.948292,0.028439520676340563,64,5,Pauls-MacBook-Pro,unknown,2026-09-16T18:37:01Z
rayon-tiled,cpu,Apple M1 Pro,f32,512,10,136.84634093994495,0.0,1.9615829999999999,1.919958,0.02539161374745602,64,5,Pauls-MacBook-Pro,unknown,2026-09-16T18:37:01Z
static-ikj,cpu,Apple M1 Pro,f32,512,1,26.37430193231091,0.0,10.177916999999999,10.148582999999999,0.10023632956169161,64,5,Pauls-MacBook-Pro,unknown,2026-09-16T18:37:01Z
static-ikj,cpu,Apple M1 Pro,f32,512,2,50.53616152868641,0.0,5.31175,5.271208000000001,0.0690588584817326,64,5,Pauls-MacBook-Pro,unknown,2026-09-16T18:37:01Z
static-ikj,cpu,Apple M1 Pro,f32,512,4,97.39893419582656,0.0,2.7560409999999997,2.729917,0.02765478585706286,64,5,Pauls-MacBook-Pro,unknown,2026-09-16T18:37:01Z
static-ikj,cpu,Apple M1 Pro,f32,512,8,183.27930767261245,0.0,1.464625,1.418625,0.23037521418915702,64,5,Pauls-MacBook-Pro,unknown,2026-09-16T18:37:01Z
static-ikj,cpu,Apple M1 Pro,f32,512,10,141.5177066194019,0.0,1.896833,1.881625,0.052136025906277056,64,5,Pauls-MacBook-Pro,unknown,2026-09-16T18:37:01Z
static-tiled,cpu,Apple M1 Pro,f32,512,1,19.55350871378362,0.0,13.72825,13.686208,0.17614772314651203,64,5,Pauls-MacBook-Pro,unknown,2026-09-16T18:37:01Z
static-tiled,cpu,Apple M1 Pro,f32,512,2,38.2961786774384,0.0,7.0094579999999995,6.928667,0.07390123208918765,64,5,Pauls-MacBook-Pro,unknown,2026-09-16T18:37:01Z
static-tiled,cpu,Apple M1 Pro,f32,512,4,72.406621147871,0.0,3.707333,3.654917,0.03229336559264134,64,5,Pauls-MacBook-Pro,unknown,2026-09-16T18:37:01Z
static-tiled,cpu,Apple M1 Pro,f32,512,8,134.2932679632293,0.0,1.9988749999999997,1.949667,0.43325127953913767,64,5,Pauls-MacBook-Pro,unknown,2026-09-16T18:37:01Z
static-tiled,cpu,Apple M1 Pro,f32,512,10,107.45477348011009,0.0,2.498125,2.4246670000000003,0.19603539171715897,64,5,Pauls-MacBook-Pro,unknown,2026-09-16T18:37:01Z
mps,metal,Apple M1 Pro,f32,512,1,738.2205733929185,0.0,0.36362500000000003,0.35675,0.008843628440860674,64,5,Pauls-MacBook-Pro,unknown,2026-09-16T18:37:01Z
naive-ijk,cpu,Apple M1 Pro,f32,1024,1,2.059359370874702,0.0,1042.7920829999998,1038.801958,5.2815185947399454,64,5,Pauls-MacBook-Pro,unknown,2026-09-16T18:37:01Z
ikj,cpu,Apple M1 Pro,f32,1024,1,26.195866552323736,0.0,81.977958,81.891583,0.1313838784668781,64,5,Pauls-MacBook-Pro,unknown,2026-09-16T18:37:01Z
tiled,cpu,Apple M1 Pro,f32,1024,1,17.97676719329104,0.0,119.458834,118.55779199999999,1.1862203619087837,64,5,Pauls-MacBook-Pro,unknown,2026-09-16T18:37:01Z
rayon-ikj,cpu,Apple M1 Pro,f32,1024,1,26.020642772325214,0.0,82.53,81.9425,0.7276129371559432,64,5,Pauls-MacBook-Pro,unknown,2026-09-16T18:37:01Z
rayon-ikj,cpu,Apple M1 Pro,f32,1024,2,51.011839065033165,0.0,42.097750000000005,41.867374999999996,0.5704970302898182,64,5,Pauls-MacBook-Pro,unknown,2026-09-16T18:37:01Z
rayon-ikj,cpu,Apple M1 Pro,f32,1024,4,98.98461741981204,0.0,21.695125,21.477166999999998,0.1532184184881178,64,5,Pauls-MacBook-Pro,unknown,2026-09-16T18:37:01Z
rayon-ikj,cpu,Apple M1 Pro,f32,1024,8,189.7517416868444,0.0,11.317333000000001,11.215875,0.24343137917450175,64,5,Pauls-MacBook-Pro,unknown,2026-09-16T18:37:01Z
rayon-ikj,cpu,Apple M1 Pro,f32,1024,10,200.51511984219363,0.0,10.709833999999999,10.47325,0.2657078974437909,64,5,Pauls-MacBook-Pro,unknown,2026-09-16T18:37:01Z
rayon-tiled,cpu,Apple M1 Pro,f32,1024,1,17.804061786161018,0.0,120.617625,119.377167,0.9529207887456905,64,5,Pauls-MacBook-Pro,unknown,2026-09-16T18:37:01Z
rayon-tiled,cpu,Apple M1 Pro,f32,1024,2,34.810629027912235,0.0,61.690458,61.190417,0.40560840807545023,64,5,Pauls-MacBook-Pro,unknown,2026-09-16T18:37:01Z
rayon-tiled,cpu,Apple M1 Pro,f32,1024,4,68.95115260876545,0.0,31.145,30.810417,0.35669235858411635,64,5,Pauls-MacBook-Pro,unknown,2026-09-16T18:37:01Z
rayon-tiled,cpu,Apple M1 Pro,f32,1024,8,131.5487276430546,0.0,16.324624999999997,15.632375,1.5346610944448937,64,5,Pauls-MacBook-Pro,unknown,2026-09-16T18:37:01Z
rayon-tiled,cpu,Apple M1 Pro,f32,1024,10,135.7748963424272,0.0,15.816500000000001,15.667583999999998,1.089907566676505,64,5,Pauls-MacBook-Pro,unknown,2026-09-16T18:37:01Z
static-ikj,cpu,Apple M1 Pro,f32,1024,1,25.975660783809044,0.0,82.672917,82.015833,0.3447861925952116,64,5,Pauls-MacBook-Pro,unknown,2026-09-16T18:37:01Z
static-ikj,cpu,Apple M1 Pro,f32,1024,2,51.00214692767616,0.0,42.10575,41.898958,0.19114104334966794,64,5,Pauls-MacBook-Pro,unknown,2026-09-16T18:37:01Z
static-ikj,cpu,Apple M1 Pro,f32,1024,4,99.46754688512053,0.0,21.589792,21.317958,0.15313310602642372,64,5,Pauls-MacBook-Pro,unknown,2026-09-16T18:37:01Z
static-ikj,cpu,Apple M1 Pro,f32,1024,8,194.7676395750904,0.0,11.025875,10.953917,0.5576564993470446,64,5,Pauls-MacBook-Pro,unknown,2026-09-16T18:37:01Z
static-ikj,cpu,Apple M1 Pro,f32,1024,10,157.09750712339292,0.0,13.669749999999999,12.975624999999999,0.5945483184656234,64,5,Pauls-MacBook-Pro,unknown,2026-09-16T18:37:01Z
static-tiled,cpu,Apple M1 Pro,f32,1024,1,17.8367489894896,0.0,120.396584,119.354666,1.1840243085455244,64,5,Pauls-MacBook-Pro,unknown,2026-09-16T18:37:01Z
static-tiled,cpu,Apple M1 Pro,f32,1024,2,34.907412207758725,0.0,61.519417,61.237333,0.34907282144818963,64,5,Pauls-MacBook-Pro,unknown,2026-09-16T18:37:01Z
static-tiled,cpu,Apple M1 Pro,f32,1024,4,68.02256434128348,0.0,31.570165999999997,31.362333,0.7420458244593131,64,5,Pauls-MacBook-Pro,unknown,2026-09-16T18:37:01Z
static-tiled,cpu,Apple M1 Pro,f32,1024,8,128.36859683895827,0.0,16.729042,15.3805,1.0781480051568522,64,5,Pauls-MacBook-Pro,unknown,2026-09-16T18:37:01Z
static-tiled,cpu,Apple M1 Pro,f32,1024,10,114.69200851509864,0.0,18.723917,17.544916,0.9798579485115687,64,5,Pauls-MacBook-Pro,unknown,2026-09-16T18:37:01Z
mps,metal,Apple M1 Pro,f32,1024,1,665.1902731250242,0.0,3.2283749999999998,2.165667,0.5397398293520684,64,5,Pauls-MacBook-Pro,unknown,2026-09-16T18:37:01Z
naive-ijk,cpu,Apple M1 Pro,f64,64,1,2.428664736537348,0.0,0.215875,0.21575000000000003,0.000961647180622918,64,5,Pauls-MacBook-Pro,unknown,2026-09-16T18:37:01Z
ikj,cpu,Apple M1 Pro,f64,64,1,11.008671916010497,0.0,0.047625,0.047583,0.00013395223029125008,64,5,Pauls-MacBook-Pro,unknown,2026-09-16T18:37:01Z
tiled,cpu,Apple M1 Pro,f64,64,1,11.018388920412752,0.0,0.047583,0.047583,9.153851648350033e-05,64,5,Pauls-MacBook-Pro,unknown,2026-09-16T18:37:01Z
rayon-ikj,cpu,Apple M1 Pro,f64,64,1,9.709037037037037,0.0,0.054,0.0535,0.009890031461021749,64,5,Pauls-MacBook-Pro,unknown,2026-09-16T18:37:01Z
rayon-ikj,cpu,Apple M1 Pro,f64,64,2,11.356582766538144,0.0,0.046166,0.038625,0.0077579599960298845,64,5,Pauls-MacBook-Pro,unknown,2026-09-16T18:37:01Z
rayon-ikj,cpu,Apple M1 Pro,f64,64,4,17.5988721425934,0.0,0.029791,0.028,0.0011728497346207647,64,5,Pauls-MacBook-Pro,unknown,2026-09-16T18:37:01Z
rayon-ikj,cpu,Apple M1 Pro,f64,64,8,18.396070175438595,0.0,0.0285,0.024916999999999998,0.018268243169500452,64,5,Pauls-MacBook-Pro,unknown,2026-09-16T18:37:01Z
rayon-ikj,cpu,Apple M1 Pro,f64,64,10,11.715932960893856,0.0,0.04475,0.041875,0.010663831009538738,64,5,Pauls-MacBook-Pro,unknown,2026-09-16T18:37:01Z
rayon-tiled,cpu,Apple M1 Pro,f64,64,1,10.94158649331135,0.0,0.047917,0.047,0.003815129788093716,64,5,Pauls-MacBook-Pro,unknown,2026-09-16T18:37:01Z
rayon-tiled,cpu,Apple M1 Pro,f64,64,2,10.913117688689065,0.0,0.048042,0.04775,0.0015528736909356164,64,5,Pauls-MacBook-Pro,unknown,2026-09-16T18:37:01Z
rayon-tiled,cpu,Apple M1 Pro,f64,64,4,10.75462564102564,0.0,0.04875,0.048458,0.001896721592643474,64,5,Pauls-MacBook-Pro,unknown,2026-09-16T18:37:01Z
rayon-tiled,cpu,Apple M1 Pro,f64,64,8,7.454367082308446,0.0,0.070333,0.065041,0.00248592568271861,64,5,Pauls-MacBook-Pro,unknown,2026-09-16T18:37:01Z
rayon-tiled,cpu,Apple M1 Pro,f64,64,10,10.645441624365482,0.0,0.049249999999999995,0.049,0.00831717300529453,64,5,Pauls-MacBook-Pro,unknown,2026-09-16T18:37:01Z
static-ikj,cpu,Apple M1 Pro,f64,64,1,10.913117688689065,0.0,0.048042,0.047125,0.00121463875288087,64,5,Pauls-MacBook-Pro,unknown,2026-09-16T18:37:01Z
static-ikj,cpu,Apple M1 Pro,f64,64,2,16.8896333999098,0.0,0.031042,0.028583,0.00160728208476297,64,5,Pauls-MacBook-Pro,unknown,2026-09-16T18:37:01Z
static-ikj,cpu,Apple M1 Pro,f64,64,4,13.385962672658106,0.0,0.039167,0.030084,0.0076167593962261915,64,5,Pauls-MacBook-Pro,unknown,2026-09-16T18:37:01Z
static-ikj,cpu,Apple M1 Pro,f64,64,8,7.612166969147006,0.0,0.06887499999999999,0.036708000000000005,0.02903333130214306,64,5,Pauls-MacBook-Pro,unknown,2026-09-16T18:37:01Z
static-ikj,cpu,Apple M1 Pro,f64,64,10,9.411190292412359,0.0,0.055708999999999995,0.037458,0.0380013542390268,64,5,Pauls-MacBook-Pro,unknown,2026-09-16T18:37:01Z
static-tiled,cpu,Apple M1 Pro,f64,64,1,10.90381215814321,0.0,0.048083,0.0475,0.0053999724814113624,64,5,Pauls-MacBook-Pro,unknown,2026-09-16T18:37:01Z
static-tiled,cpu,Apple M1 Pro,f64,64,2,14.529653031814654,0.0,0.036084000000000005,0.029625,0.008324503246440596,64,5,Pauls-MacBook-Pro,unknown,2026-09-16T18:37:01Z
static-tiled,cpu,Apple M1 Pro,f64,64,4,12.157402898550727,0.0,0.043125,0.031584,0.005507903802718416,64,5,Pauls-MacBook-Pro,unknown,2026-09-16T18:37:01Z
static-tiled,cpu,Apple M1 Pro,f64,64,8,8.170679632833076,0.0,0.064167,0.048792,0.015596829764410456,64,5,Pauls-MacBook-Pro,unknown,2026-09-16T18:37:01Z
static-tiled,cpu,Apple M1 Pro,f64,64,10,7.968992719368912,0.0,0.06579099999999999,0.044917,0.021180702863691753,64,5,Pauls-MacBook-Pro,unknown,2026-09-16T18:37:01Z
naive-ijk,cpu,Apple M1 Pro,f64,128,1,2.497787051991177,0.0,1.679208,1.675917,0.07195440487350299,64,5,Pauls-MacBook-Pro,unknown,2026-09-16T18:37:01Z
ikj,cpu,Apple M1 Pro,f64,128,1,11.83437589054701,0.0,0.354417,0.34025,0.008928046634062787,64,5,Pauls-MacBook-Pro,unknown,2026-09-16T18:37:01Z
tiled,cpu,Apple M1 Pro,f64,128,1,13.132850097847358,0.0,0.319375,0.31879199999999996,0.003228973242379066,64,5,Pauls-MacBook-Pro,unknown,2026-09-16T18:37:01Z
rayon-ikj,cpu,Apple M1 Pro,f64,128,1,12.792387342737324,0.0,0.32787499999999997,0.32087499999999997,0.01575478944004014,64,5,Pauls-MacBook-Pro,unknown,2026-09-16T18:37:01Z
rayon-ikj,cpu,Apple M1 Pro,f64,128,2,25.62064163021966,0.0,0.16370800000000002,0.161833,0.0042069510931314535,64,5,Pauls-MacBook-Pro,unknown,2026-09-16T18:37:01Z
rayon-ikj,cpu,Apple M1 Pro,f64,128,4,39.290903981264634,0.0,0.10675000000000001,0.104083,0.01035852500600351,64,5,Pauls-MacBook-Pro,unknown,2026-09-16T18:37:01Z
rayon-ikj,cpu,Apple M1 Pro,f64,128,8,47.01660146397784,0.0,0.08920900000000001,0.073667,0.011966555782680327,64,5,Pauls-MacBook-Pro,unknown,2026-09-16T18:37:01Z
rayon-ikj,cpu,Apple M1 Pro,f64,128,10,44.345220599896386,0.0,0.094583,0.079,0.007575477258892671,64,5,Pauls-MacBook-Pro,unknown,2026-09-16T18:37:01Z
rayon-tiled,cpu,Apple M1 Pro,f64,128,1,15.053580978017047,0.0,0.278625,0.277167,0.003515867816059067,64,5,Pauls-MacBook-Pro,unknown,2026-09-16T18:37:01Z
rayon-tiled,cpu,Apple M1 Pro,f64,128,2,24.332437998549675,0.0,0.172375,0.165375,0.005414153008550832,64,5,Pauls-MacBook-Pro,unknown,2026-09-16T18:37:01Z
rayon-tiled,cpu,Apple M1 Pro,f64,128,4,27.5864826824167,0.0,0.15204199999999998,0.14575,0.005551324049269686,64,5,Pauls-MacBook-Pro,unknown,2026-09-16T18:37:01Z
rayon-tiled,cpu,Apple M1 Pro,f64,128,8,25.254264434048036,0.0,0.166083,0.157,0.015354320965122488,64,5,Pauls-MacBook-Pro,unknown,2026-09-16T18:37:01Z
rayon-tiled,cpu,Apple M1 Pro,f64,128,10,25.758158615522557,0.0,0.162834,0.162542,0.005592447791441602,64,5,Pauls-MacBook-Pro,unknown,2026-09-16T18:37:01Z
static-ikj,cpu,Apple M1 Pro,f64,128,1,13.808408230452676,0.0,0.30374999999999996,0.298834,0.013788582588504168,64,5,Pauls-MacBook-Pro,unknown,2026-09-16T18:37:01Z
static-ikj,cpu,Apple M1 Pro,f64,128,2,22.196899856582647,0.0,0.188959,0.180166,0.008519490495328935,64,5,Pauls-MacBook-Pro,unknown,2026-09-16T18:37:01Z
static-ikj,cpu,Apple M1 Pro,f64,128,4,38.17341524459613,0.0,0.109875,0.097958,0.01577768572066258,64,5,Pauls-MacBook-Pro,unknown,2026-09-16T18:37:01Z
static-ikj,cpu,Apple M1 Pro,f64,128,8,40.3783778580024,0.0,0.10387500000000001,0.087541,0.007570978589323842,64,5,Pauls-MacBook-Pro,unknown,2026-09-16T18:37:01Z
static-ikj,cpu,Apple M1 Pro,f64,128,10,25.771453149001537,0.0,0.16275,0.128709,0.016499676896836502,64,5,Pauls-MacBook-Pro,unknown,2026-09-16T18:37:01Z
static-tiled,cpu,Apple M1 Pro,f64,128,1,15.110089594823892,0.0,0.27758299999999997,0.274375,0.01630003902756063,64,5,Pauls-MacBook-Pro,unknown,2026-09-16T18:37:01Z
static-tiled,cpu,Apple M1 Pro,f64,128,2,28.467997882362525,0.0,0.147334,0.146917,0.009538688264116814,64,5,Pauls-MacBook-Pro,unknown,2026-09-16T18:37:01Z
static-tiled,cpu,Apple M1 Pro,f64,128,4,38.821051072730974,0.0,0.10804200000000001,0.098542,0.007278015134636641,64,5,Pauls-MacBook-Pro,unknown,2026-09-16T18:37:01Z
static-tiled,cpu,Apple M1 Pro,f64,128,8,43.747629726206,0.0,0.095875,0.08433299999999999,0.012032652105832696,64,5,Pauls-MacBook-Pro,unknown,2026-09-16T18:37:01Z
static-tiled,cpu,Apple M1 Pro,f64,128,10,26.187230748098848,0.0,0.160166,0.137875,0.01885499727658427,64,5,Pauls-MacBook-Pro,unknown,2026-09-16T18:37:01Z
naive-ijk,cpu,Apple M1 Pro,f64,256,1,2.4324720764804497,0.0,13.794374999999999,13.640208,0.5812707837228709,64,5,Pauls-MacBook-Pro,unknown,2026-09-16T18:37:01Z
ikj,cpu,Apple M1 Pro,f64,256,1,13.038442587915291,0.0,2.5734999999999997,2.5379579999999997,0.04847756131964562,64,5,Pauls-MacBook-Pro,unknown,2026-09-16T18:37:01Z
tiled,cpu,Apple M1 Pro,f64,256,1,12.592354691974645,0.0,2.664667,2.64825,0.060216128298820434,64,5,Pauls-MacBook-Pro,unknown,2026-09-16T18:37:01Z
rayon-ikj,cpu,Apple M1 Pro,f64,256,1,13.077188873191407,0.0,2.565875,2.5528750000000002,0.0247438455337888,64,5,Pauls-MacBook-Pro,unknown,2026-09-16T18:37:01Z
rayon-ikj,cpu,Apple M1 Pro,f64,256,2,25.19651966007589,0.0,1.331709,1.3209160000000002,0.03345794105589876,64,5,Pauls-MacBook-Pro,unknown,2026-09-16T18:37:01Z
rayon-ikj,cpu,Apple M1 Pro,f64,256,4,46.844627609969116,0.0,0.716292,0.702625,0.017512369043050667,64,5,Pauls-MacBook-Pro,unknown,2026-09-16T18:37:01Z
rayon-ikj,cpu,Apple M1 Pro,f64,256,8,66.55420128647849,0.0,0.504167,0.432459,0.06720382415235011,64,5,Pauls-MacBook-Pro,unknown,2026-09-16T18:37:01Z
rayon-ikj,cpu,Apple M1 Pro,f64,256,10,77.64982817471795,0.0,0.432125,0.42450000000000004,0.00551683952095762,64,5,Pauls-MacBook-Pro,unknown,2026-09-16T18:37:01Z
rayon-tiled,cpu,Apple M1 Pro,f64,256,1,12.613855363939663,0.0,2.6601250000000003,2.65725,0.007393369881184147,64,5,Pauls-MacBook-Pro,unknown,2026-09-16T18:37:01Z
rayon-tiled,cpu,Apple M1 Pro,f64,256,2,23.67711921036829,0.0,1.417167,1.38175,0.03462914088885255,64,5,Pauls-MacBook-Pro,unknown,2026-09-16T18:37:01Z
rayon-tiled,cpu,Apple M1 Pro,f64,256,4,45.69630610165983,0.0,0.734292,0.7298749999999999,0.008569427652999955,64,5,Pauls-MacBook-Pro,unknown,2026-09-16T18:37:01Z
rayon-tiled,cpu,Apple M1 Pro,f64,256,8,43.91941361256544,0.0,0.764,0.729958,0.02893383234554315,64,5,Pauls-MacBook-Pro,unknown,2026-09-16T18:37:01Z
rayon-tiled,cpu,Apple M1 Pro,f64,256,10,44.70199100749376,0.0,0.750625,0.740791,0.024702640719161947,64,5,Pauls-MacBook-Pro,unknown,2026-09-16T18:37:01Z
static-ikj,cpu,Apple M1 Pro,f64,256,1,12.656676693856383,0.0,2.651125,2.5625829999999996,0.046844030660266815,64,5,Pauls-MacBook-Pro,unknown,2026-09-16T18:37:01Z
static-ikj,cpu,Apple M1 Pro,f64,256,2,25.333659494148733,0.0,1.3245,1.316541,0.03819952379938785,64,5,Pauls-MacBook-Pro,unknown,2026-09-16T18:37:01Z
static-ikj,cpu,Apple M1 Pro,f64,256,4,45.044524423526376,0.0,0.744917,0.707042,0.022769679982380102,64,5,Pauls-MacBook-Pro,unknown,2026-09-16T18:37:01Z
static-ikj,cpu,Apple M1 Pro,f64,256,8,52.05263835563312,0.0,0.644625,0.628625,0.018409495625899143,64,5,Pauls-MacBook-Pro,unknown,2026-09-16T18:37:01Z
static-ikj,cpu,Apple M1 Pro,f64,256,10,56.4810506276059,0.0,0.594083,0.563584,0.0525527195633109,64,5,Pauls-MacBook-Pro,unknown,2026-09-16T18:37:01Z
static-tiled,cpu,Apple M1 Pro,f64,256,1,12.268530895795246,0.0,2.735,2.731083,0.013644485816622027,64,5,Pauls-MacBook-Pro,unknown,2026-09-16T18:37:01Z
static-tiled,cpu,Apple M1 Pro,f64,256,2,24.077796530384965,0.0,1.393584,1.389125,0.0029650738102111767,64,5,Pauls-MacBook-Pro,unknown,2026-09-16T18:37:01Z
static-tiled,cpu,Apple M1 Pro,f64,256,4,44.16265504243266,0.0,0.759792,0.754333,0.024114460883461614,64,5,Pauls-MacBook-Pro,unknown,2026-09-16T18:37:01Z
static-tiled,cpu,Apple M1 Pro,f64,256,8,72.60239696906098,0.0,0.462167,0.436333,0.0812643246954037,64,5,Pauls-MacBook-Pro,unknown,2026-09-16T18:37:01Z
static-tiled,cpu,Apple M1 Pro,f64,256,10,57.0896333475117,0.0,0.58775,0.578,0.011890647585392522,64,5,Pauls-MacBook-Pro,unknown,2026-09-16T18:37:01Z
naive-ijk,cpu,Apple M1 Pro,f64,512,1,2.137751900167813,0.0,125.569041,124.0805,1.483471296657167,64,5,Pauls-MacBook-Pro,unknown,2026-09-16T18:37:01Z
ikj,cpu,Apple M1 Pro,f64,512,1,13.142468404347387,0.0,20.425041,20.243667,0.15434768210925628,64,5,Pauls-MacBook-Pro,unknown,2026-09-16T18:37:01Z
tiled,cpu,Apple M1 Pro,f64,512,1,10.650897590584453,0.0,25.203083,24.983584,0.1682404290956852,64,5,Pauls-MacBook-Pro,unknown,2026-09-16T18:37:01Z
rayon-ikj,cpu,Apple M1 Pro,f64,512,1,13.083509775731766,0.0,20.517083,20.412459000000002,0.25304323016729663,64,5,Pauls-MacBook-Pro,unknown,2026-09-16T18:37:01Z
rayon-ikj,cpu,Apple M1 Pro,f64,512,2,25.35869031162413,0.0,10.585541000000001,10.444,0.08704506274740634,64,5,Pauls-MacBook-Pro,unknown,2026-09-16T18:37:01Z
rayon-ikj,cpu,Apple M1 Pro,f64,512,4,49.58248454861794,0.0,5.413917,5.3950830000000005,0.051846149675747424,64,5,Pauls-MacBook-Pro,unknown,2026-09-16T18:37:01Z
rayon-ikj,cpu,Apple M1 Pro,f64,512,8,90.90647453752698,0.0,2.952875,2.8850830000000003,0.04721649344032222,64,5,Pauls-MacBook-Pro,unknown,2026-09-16T18:37:01Z
rayon-ikj,cpu,Apple M1 Pro,f64,512,10,88.94357865132427,0.0,3.018042,2.934833,0.16881876039054428,64,5,Pauls-MacBook-Pro,unknown,2026-09-16T18:37:01Z
rayon-tiled,cpu,Apple M1 Pro,f64,512,1,10.574066257785871,0.0,25.386209,25.279333,0.15007316455549324,64,5,Pauls-MacBook-Pro,unknown,2026-09-16T18:37:01Z
rayon-tiled,cpu,Apple M1 Pro,f64,512,2,20.66378299735386,0.0,12.990625,12.882624999999999,0.10055190222865046,64,5,Pauls-MacBook-Pro,unknown,2026-09-16T18:37:01Z
rayon-tiled,cpu,Apple M1 Pro,f64,512,4,39.48692837570115,0.0,6.798084,6.5774170000000005,0.10268424242161002,64,5,Pauls-MacBook-Pro,unknown,2026-09-16T18:37:01Z
rayon-tiled,cpu,Apple M1 Pro,f64,512,8,71.53828191687678,0.0,3.752333,3.376333,0.825332892051141,64,5,Pauls-MacBook-Pro,unknown,2026-09-16T18:37:01Z
rayon-tiled,cpu,Apple M1 Pro,f64,512,10,75.74274119776233,0.0,3.5440419999999997,3.430208,0.5221898057102418,64,5,Pauls-MacBook-Pro,unknown,2026-09-16T18:37:01Z
static-ikj,cpu,Apple M1 Pro,f64,512,1,13.035777560338476,0.0,20.592209,20.459583,0.10867600799026485,64,5,Pauls-MacBook-Pro,unknown,2026-09-16T18:37:01Z
static-ikj,cpu,Apple M1 Pro,f64,512,2,25.316039091327053,0.0,10.603375,10.343209000000002,0.1721582692936929,64,5,Pauls-MacBook-Pro,unknown,2026-09-16T18:37:01Z
static-ikj,cpu,Apple M1 Pro,f64,512,4,49.361003962885576,0.0,5.4382090000000005,5.379042,0.031748391912032235,64,5,Pauls-MacBook-Pro,unknown,2026-09-16T18:37:01Z
static-ikj,cpu,Apple M1 Pro,f64,512,8,96.15741942417051,0.0,2.791625,2.763,0.048520601596641615,64,5,Pauls-MacBook-Pro,unknown,2026-09-16T18:37:01Z
static-ikj,cpu,Apple M1 Pro,f64,512,10,72.98987739102724,0.0,3.677708,3.618541,0.06040820001705079,64,5,Pauls-MacBook-Pro,unknown,2026-09-16T18:37:01Z
static-tiled,cpu,Apple M1 Pro,f64,512,1,10.578059769571407,0.0,25.376625,24.946875,0.21091095205631324,64,5,Pauls-MacBook-Pro,unknown,2026-09-16T18:37:01Z
static-tiled,cpu,Apple M1 Pro,f64,512,2,20.586396765877847,0.0,13.039458,12.949292,0.3503305251137849,64,5,Pauls-MacBook-Pro,unknown,2026-09-16T18:37:01Z
static-tiled,cpu,Apple M1 Pro,f64,512,4,40.44352064064681,0.0,6.637292,6.587458,0.087648106868888,64,5,Pauls-MacBook-Pro,unknown,2026-09-16T18:37:01Z
static-tiled,cpu,Apple M1 Pro,f64,512,8,79.90339514808751,0.0,3.3595,3.3376669999999997,0.043398801092887414,64,5,Pauls-MacBook-Pro,unknown,2026-09-16T18:37:01Z
static-tiled,cpu,Apple M1 Pro,f64,512,10,59.35281605622119,0.0,4.522708000000001,3.8457500000000002,0.3941716215336918,64,5,Pauls-MacBook-Pro,unknown,2026-09-16T18:37:01Z
naive-ijk,cpu,Apple M1 Pro,f64,1024,1,1.4532756226230217,0.0,1477.685041,1474.5071249999999,4.786199212195396,64,5,Pauls-MacBook-Pro,unknown,2026-09-16T18:37:01Z
ikj,cpu,Apple M1 Pro,f64,1024,1,12.439409321952901,0.0,172.6355,171.023333,0.9078524719993256,64,5,Pauls-MacBook-Pro,unknown,2026-09-16T18:37:01Z
tiled,cpu,Apple M1 Pro,f64,1024,1,9.02846205340877,0.0,237.857083,236.60695900000002,1.3994461768966957,64,5,Pauls-MacBook-Pro,unknown,2026-09-16T18:37:01Z
rayon-ikj,cpu,Apple M1 Pro,f64,1024,1,12.314568061444286,0.0,174.38562499999998,172.568208,1.2906429862508493,64,5,Pauls-MacBook-Pro,unknown,2026-09-16T18:37:01Z
rayon-ikj,cpu,Apple M1 Pro,f64,1024,2,24.17437925856462,0.0,88.833042,87.62100000000001,1.4199388473237093,64,5,Pauls-MacBook-Pro,unknown,2026-09-16T18:37:01Z
rayon-ikj,cpu,Apple M1 Pro,f64,1024,4,47.607600602997245,0.0,45.108000000000004,45.015666,0.15425679511936952,64,5,Pauls-MacBook-Pro,unknown,2026-09-16T18:37:01Z
rayon-ikj,cpu,Apple M1 Pro,f64,1024,8,91.10766500667732,0.0,23.570833999999998,23.262125,0.537474039207755,64,5,Pauls-MacBook-Pro,unknown,2026-09-16T18:37:01Z
rayon-ikj,cpu,Apple M1 Pro,f64,1024,10,97.51593122747269,0.0,22.021875,21.750208,2.331102328692329,64,5,Pauls-MacBook-Pro,unknown,2026-09-16T18:37:01Z
rayon-tiled,cpu,Apple M1 Pro,f64,1024,1,9.024435571466848,0.0,237.963209,237.366125,1.313352582843317,64,5,Pauls-MacBook-Pro,unknown,2026-09-16T18:37:01Z
rayon-tiled,cpu,Apple M1 Pro,f64,1024,2,17.032318211335202,0.0,126.08287500000002,123.98337500000001,2.223690669629819,64,5,Pauls-MacBook-Pro,unknown,2026-09-16T18:37:01Z
rayon-tiled,cpu,Apple M1 Pro,f64,1024,4,34.119424073082186,0.0,62.940208,62.245333,0.5046465679824832,64,5,Pauls-MacBook-Pro,unknown,2026-09-16T18:37:01Z
rayon-tiled,cpu,Apple M1 Pro,f64,1024,8,64.25119184998466,0.0,33.42325,33.059375,0.4512457299136462,64,5,Pauls-MacBook-Pro,unknown,2026-09-16T18:37:01Z
rayon-tiled,cpu,Apple M1 Pro,f64,1024,10,66.25028514833451,0.0,32.414708,32.000084,1.3341372738044235,64,5,Pauls-MacBook-Pro,unknown,2026-09-16T18:37:01Z
static-ikj,cpu,Apple M1 Pro,f64,1024,1,12.389438909164454,0.0,173.331792,172.808041,0.9125882679561946,64,5,Pauls-MacBook-Pro,unknown,2026-09-16T18:37:01Z
static-ikj,cpu,Apple M1 Pro,f64,1024,2,24.316836330026426,0.0,88.31262500000001,87.906875,0.7790539761245672,64,5,Pauls-MacBook-Pro,unknown,2026-09-16T18:37:01Z
static-ikj,cpu,Apple M1 Pro,f64,1024,4,47.59616899674314,0.0,45.118834,44.703166,0.4332285638670406,64,5,Pauls-MacBook-Pro,unknown,2026-09-16T18:37:01Z
static-ikj,cpu,Apple M1 Pro,f64,1024,8,89.35964817122164,0.0,24.031917,22.910667,2.0729395430446598,64,5,Pauls-MacBook-Pro,unknown,2026-09-16T18:37:01Z
static-ikj,cpu,Apple M1 Pro,f64,1024,10,78.44712909997135,0.0,27.374917,25.020541,1.9398551560619932,64,5,Pauls-MacBook-Pro,unknown,2026-09-16T18:37:01Z
static-tiled,cpu,Apple M1 Pro,f64,1024,1,9.000941599966668,0.0,238.58433300000002,237.48587500000002,0.8844509019686625,64,5,Pauls-MacBook-Pro,unknown,2026-09-16T18:37:01Z
static-tiled,cpu,Apple M1 Pro,f64,1024,2,17.023305840187795,0.0,126.14962499999999,123.95079100000001,2.6063873681541816,64,5,Pauls-MacBook-Pro,unknown,2026-09-16T18:37:01Z
static-tiled,cpu,Apple M1 Pro,f64,1024,4,34.023472683395404,0.0,63.11770899999999,61.89775,0.9075426276413674,64,5,Pauls-MacBook-Pro,unknown,2026-09-16T18:37:01Z
static-tiled,cpu,Apple M1 Pro,f64,1024,8,67.63337349269337,0.0,31.751834,31.657249999999998,1.8154533986587214,64,5,Pauls-MacBook-Pro,unknown,2026-09-16T18:37:01Z
static-tiled,cpu,Apple M1 Pro,f64,1024,10,61.30981743952836,0.0,35.02675,33.045457999999996,2.3208231945254463,64,5,Pauls-MacBook-Pro,unknown,2026-09-16T18:37:01Z
