kernel,backend,device,precision,n,threads,gops,mean_rel_error_f64,median_ms,min_ms,stddev_ms,gpu_ms,setup_ms,block_size,repetitions,host,commit,timestamp
static-ikj,cpu,Apple M1 Pro,f16,64,1,14.631020818217335,0.0007464432646251799,0.035834000000000005,0.035292,0.0018584305206275535,,0.05625,,5,Pauls-MacBook-Pro,936381b-dirty,2026-09-29T09:26:51Z
static-ikj,cpu,Apple M1 Pro,f16,64,2,20.004884004884,0.0007464432646251799,0.026208000000000002,0.024459,0.004266669134113871,,0.036458000000000004,,5,Pauls-MacBook-Pro,936381b-dirty,2026-09-29T09:26:51Z
static-ikj,cpu,Apple M1 Pro,f16,64,4,11.125474801061008,0.0007464432646251799,0.047125,0.040042,0.0037926570237763403,,0.052917,,5,Pauls-MacBook-Pro,936381b-dirty,2026-09-29T09:26:51Z
static-ikj,cpu,Apple M1 Pro,f16,64,8,6.1954268833087145,0.0007464432646251799,0.08462499999999999,0.046625,0.023562652064230798,,0.121375,,5,Pauls-MacBook-Pro,936381b-dirty,2026-09-29T09:26:51Z
static-ikj,cpu,Apple M1 Pro,f16,64,10,9.671782762691855,0.0007464432646251799,0.054208,0.045166,0.00742925458575758,,0.14283300000000002,,5,Pauls-MacBook-Pro,936381b-dirty,2026-09-29T09:26:51Z
static-ikj,cpu,Apple M1 Pro,f16,128,1,25.298591005597373,0.0011165557453931836,0.165792,0.16366699999999998,0.0019514916090006703,,0.024125,,5,Pauls-MacBook-Pro,936381b-dirty,2026-09-29T09:26:51Z
static-ikj,cpu,Apple M1 Pro,f16,128,2,45.693568066933935,0.0011165557453931836,0.091792,0.089791,0.0042404422292963775,,0.024459,,5,Pauls-MacBook-Pro,936381b-dirty,2026-09-29T09:26:51Z
static-ikj,cpu,Apple M1 Pro,f16,128,4,53.20492687072673,0.0011165557453931836,0.078833,0.066708,0.0071477580191273956,,0.056833,,5,Pauls-MacBook-Pro,936381b-dirty,2026-09-29T09:26:51Z
static-ikj,cpu,Apple M1 Pro,f16,128,8,43.3708069652976,0.0011165557453931836,0.096708,0.083625,0.006392239881293563,,0.1025,,5,Pauls-MacBook-Pro,936381b-dirty,2026-09-29T09:26:51Z
static-ikj,cpu,Apple M1 Pro,f16,128,10,50.45779248120301,0.0011165557453931836,0.083125,0.066375,0.013544509651515624,,0.129208,,5,Pauls-MacBook-Pro,936381b-dirty,2026-09-29T09:26:51Z
static-ikj,cpu,Apple M1 Pro,f16,256,1,41.22586455375671,0.0017059664673413303,0.813917,0.736458,0.03812631764936135,,0.020999999999999998,,5,Pauls-MacBook-Pro,936381b-dirty,2026-09-29T09:26:51Z
static-ikj,cpu,Apple M1 Pro,f16,256,2,88.47576005273567,0.0017059664673413303,0.37925,0.377167,0.0011713418373813977,,0.030833000000000003,,5,Pauls-MacBook-Pro,936381b-dirty,2026-09-29T09:26:51Z
static-ikj,cpu,Apple M1 Pro,f16,256,4,154.8370710818244,0.0017059664673413303,0.216708,0.209125,0.01123262461315253,,0.040917,,5,Pauls-MacBook-Pro,936381b-dirty,2026-09-29T09:26:51Z
static-ikj,cpu,Apple M1 Pro,f16,256,8,204.13342661596957,0.0017059664673413303,0.164375,0.1505,0.013005293049370327,,0.08641599999999999,,5,Pauls-MacBook-Pro,936381b-dirty,2026-09-29T09:26:51Z
static-ikj,cpu,Apple M1 Pro,f16,256,10,120.50087266302279,0.0017059664673413303,0.278458,0.255458,0.0205270148901393,,0.133542,,5,Pauls-MacBook-Pro,936381b-dirty,2026-09-29T09:26:51Z
static-ikj,cpu,Apple M1 Pro,f16,512,1,52.568259897301765,0.0018356578962918102,5.106417,5.0682920000000005,0.05361366760631096,,0.013542,,5,Pauls-MacBook-Pro,936381b-dirty,2026-09-29T09:26:51Z
static-ikj,cpu,Apple M1 Pro,f16,512,2,100.84609214777936,0.0018356578962918102,2.661833,2.6480829999999997,0.08417015584398081,,0.024125,,5,Pauls-MacBook-Pro,936381b-dirty,2026-09-29T09:26:51Z
static-ikj,cpu,Apple M1 Pro,f16,512,4,190.68972826751005,0.0018356578962918102,1.407708,1.396917,0.005972211466450295,,0.056499999999999995,,5,Pauls-MacBook-Pro,936381b-dirty,2026-09-29T09:26:51Z
static-ikj,cpu,Apple M1 Pro,f16,512,8,361.225172077376,0.0018356578962918102,0.7431249999999999,0.7306250000000001,0.012331290431256579,,0.101167,,5,Pauls-MacBook-Pro,936381b-dirty,2026-09-29T09:26:51Z
static-ikj,cpu,Apple M1 Pro,f16,512,10,276.4525808444902,0.0018356578962918102,0.971,0.945833,0.04838275154742645,,0.12375,,5,Pauls-MacBook-Pro,936381b-dirty,2026-09-29T09:26:51Z
static-ikj,cpu,Apple M1 Pro,f16,1024,1,52.351155159279145,0.003689507053755073,41.02075,40.946917,0.06010058199135718,,0.049125,,5,Pauls-MacBook-Pro,936381b-dirty,2026-09-29T09:26:51Z
static-ikj,cpu,Apple M1 Pro,f16,1024,2,101.99339343746475,0.003689507053755073,21.055125,21.046374999999998,0.11977984183409225,,0.061958000000000006,,5,Pauls-MacBook-Pro,936381b-dirty,2026-09-29T09:26:51Z
static-ikj,cpu,Apple M1 Pro,f16,1024,4,199.07685556106307,0.003689507053755073,10.787209,10.711375,0.10410500168195555,,0.067666,,5,Pauls-MacBook-Pro,936381b-dirty,2026-09-29T09:26:51Z
static-ikj,cpu,Apple M1 Pro,f16,1024,8,324.15459129417536,0.003689507053755073,6.624874999999999,5.457083,0.7609425486326152,,0.11825000000000001,,5,Pauls-MacBook-Pro,936381b-dirty,2026-09-29T09:26:51Z
static-ikj,cpu,Apple M1 Pro,f16,1024,10,299.1584282660687,0.003689507053755073,7.178416,6.546375,0.4457876279533786,,0.159084,,5,Pauls-MacBook-Pro,936381b-dirty,2026-09-29T09:26:51Z
static-ikj,cpu,Apple M1 Pro,f16,2048,1,50.722087959058875,0.01681188043957227,338.705875,333.918458,4.348179742698067,,0.045625,,5,Pauls-MacBook-Pro,936381b-dirty,2026-09-29T09:26:51Z
static-ikj,cpu,Apple M1 Pro,f16,2048,2,100.13273449227928,0.01681188043957227,171.570958,171.490125,0.4409552315634779,,0.063542,,5,Pauls-MacBook-Pro,936381b-dirty,2026-09-29T09:26:51Z
static-ikj,cpu,Apple M1 Pro,f16,2048,4,193.44883988027522,0.01681188043957227,88.808334,88.640542,0.5454707531548301,,0.073958,,5,Pauls-MacBook-Pro,936381b-dirty,2026-09-29T09:26:51Z
static-ikj,cpu,Apple M1 Pro,f16,2048,8,381.91348837790395,0.01681188043957227,44.983667,44.931833,0.06298116396193461,,0.19808299999999998,,5,Pauls-MacBook-Pro,936381b-dirty,2026-09-29T09:26:51Z
static-ikj,cpu,Apple M1 Pro,f16,2048,10,390.8909515609614,0.01681188043957227,43.950542,42.837167,6.285363099616176,,0.185959,,5,Pauls-MacBook-Pro,936381b-dirty,2026-09-29T09:26:51Z
static-ikj,cpu,Apple M1 Pro,f16,4096,1,50.94039333016147,0.06571254066853494,2698.034791,2697.395458,3.301382449967847,,0.041791,,5,Pauls-MacBook-Pro,936381b-dirty,2026-09-29T09:26:51Z
static-ikj,cpu,Apple M1 Pro,f16,4096,2,95.64763312896244,0.06571254066853494,1436.93,1426.844666,8.660159062158641,,0.053958,,5,Pauls-MacBook-Pro,936381b-dirty,2026-09-29T09:26:51Z
static-ikj,cpu,Apple M1 Pro,f16,4096,4,136.24202761298986,0.06571254066853494,1008.7852909999999,1006.2356249999999,5.478365851201386,,0.078416,,5,Pauls-MacBook-Pro,936381b-dirty,2026-09-29T09:26:51Z
static-ikj,cpu,Apple M1 Pro,f16,4096,8,311.961704429914,0.06571254066853494,440.563542,427.064792,32.07081826404907,,0.155334,,5,Pauls-MacBook-Pro,936381b-dirty,2026-09-29T09:26:51Z
static-ikj,cpu,Apple M1 Pro,f16,4096,10,266.4304838697261,0.06571254066853494,515.852959,493.912083,12.076609299085632,,0.238292,,5,Pauls-MacBook-Pro,936381b-dirty,2026-09-29T09:26:51Z
static-ikj,cpu,Apple M1 Pro,f32,64,1,16.64406349206349,9.631142459149073e-8,0.0315,0.030625,0.0016677992385176357,,0.03275,,5,Pauls-MacBook-Pro,936381b-dirty,2026-09-29T09:26:51Z
static-ikj,cpu,Apple M1 Pro,f32,64,2,12.852716218866448,9.631142459149073e-8,0.040791999999999995,0.023875,0.013091611978667868,,0.023791999999999997,,5,Pauls-MacBook-Pro,936381b-dirty,2026-09-29T09:26:51Z
static-ikj,cpu,Apple M1 Pro,f32,64,4,11.715932960893856,9.631142459149073e-8,0.04475,0.038166,0.004269157001095183,,0.049292,,5,Pauls-MacBook-Pro,936381b-dirty,2026-09-29T09:26:51Z
static-ikj,cpu,Apple M1 Pro,f32,64,8,14.2500543596434,9.631142459149073e-8,0.036792000000000005,0.026458,0.011753753072955038,,0.081542,,5,Pauls-MacBook-Pro,936381b-dirty,2026-09-29T09:26:51Z
static-ikj,cpu,Apple M1 Pro,f32,64,10,11.949584045584045,9.631142459149073e-8,0.043875000000000004,0.0265,0.009280538561958568,,0.08383299999999999,,5,Pauls-MacBook-Pro,936381b-dirty,2026-09-29T09:26:51Z
static-ikj,cpu,Apple M1 Pro,f32,128,1,27.68517491749175,1.477530979147487e-7,0.1515,0.13924999999999998,0.011653317780786723,,0.013917,,5,Pauls-MacBook-Pro,936381b-dirty,2026-09-29T09:26:51Z
static-ikj,cpu,Apple M1 Pro,f32,128,2,54.50120845136308,1.477530979147487e-7,0.076958,0.075416,0.001314452851950196,,0.016958,,5,Pauls-MacBook-Pro,936381b-dirty,2026-09-29T09:26:51Z
static-ikj,cpu,Apple M1 Pro,f32,128,4,64.81793877204097,1.477530979147487e-7,0.064709,0.058125,0.020913115604806472,,0.028792,,5,Pauls-MacBook-Pro,936381b-dirty,2026-09-29T09:26:51Z
static-ikj,cpu,Apple M1 Pro,f32,128,8,51.02063059556249,1.477530979147487e-7,0.08220799999999999,0.074292,0.011476599749054595,,0.068292,,5,Pauls-MacBook-Pro,936381b-dirty,2026-09-29T09:26:51Z
static-ikj,cpu,Apple M1 Pro,f32,128,10,48.2797582733813,1.477530979147487e-7,0.086875,0.06983299999999999,0.012788406104749723,,0.070917,,5,Pauls-MacBook-Pro,936381b-dirty,2026-09-29T09:26:51Z
static-ikj,cpu,Apple M1 Pro,f32,256,1,24.9839037051708,2.1227173452103736e-7,1.343042,1.303625,0.034982689986620526,,0.019583,,5,Pauls-MacBook-Pro,936381b-dirty,2026-09-29T09:26:51Z
static-ikj,cpu,Apple M1 Pro,f32,256,2,45.79509436228348,2.1227173452103736e-7,0.732708,0.706666,0.019287768797867737,,0.02425,,5,Pauls-MacBook-Pro,936381b-dirty,2026-09-29T09:26:51Z
static-ikj,cpu,Apple M1 Pro,f32,256,4,79.5994505872501,2.1227173452103736e-7,0.421541,0.395,0.02052411901154346,,0.035875,,5,Pauls-MacBook-Pro,936381b-dirty,2026-09-29T09:26:51Z
static-ikj,cpu,Apple M1 Pro,f32,256,8,85.13652267681573,2.1227173452103736e-7,0.394125,0.367625,0.02393633204565812,,0.06499999999999999,,5,Pauls-MacBook-Pro,936381b-dirty,2026-09-29T09:26:51Z
static-ikj,cpu,Apple M1 Pro,f32,256,10,83.79892911372173,2.1227173452103736e-7,0.400416,0.389625,0.009094233299184695,,0.099542,,5,Pauls-MacBook-Pro,936381b-dirty,2026-09-29T09:26:51Z
static-ikj,cpu,Apple M1 Pro,f32,512,1,26.229769005276527,1.243084139673532e-7,10.234,10.146458,0.05890085445645032,,0.02775,,5,Pauls-MacBook-Pro,936381b-dirty,2026-09-29T09:26:51Z
static-ikj,cpu,Apple M1 Pro,f32,512,2,50.096429607856855,1.243084139673532e-7,5.3583750000000006,5.312208,0.07777450783836554,,0.031833,,5,Pauls-MacBook-Pro,936381b-dirty,2026-09-29T09:26:51Z
static-ikj,cpu,Apple M1 Pro,f32,512,4,96.46118165869757,1.243084139673532e-7,2.7828340000000003,2.7430000000000003,0.02198818998462579,,0.041749999999999995,,5,Pauls-MacBook-Pro,936381b-dirty,2026-09-29T09:26:51Z
static-ikj,cpu,Apple M1 Pro,f32,512,8,189.12229396741523,1.243084139673532e-7,1.419375,1.411834,0.005513410314859614,,0.084542,,5,Pauls-MacBook-Pro,936381b-dirty,2026-09-29T09:26:51Z
static-ikj,cpu,Apple M1 Pro,f32,512,10,124.48938084452384,1.243084139673532e-7,2.156292,1.990792,0.08369436290575376,,0.09129200000000001,,5,Pauls-MacBook-Pro,936381b-dirty,2026-09-29T09:26:51Z
static-ikj,cpu,Apple M1 Pro,f32,1024,1,26.394265708394915,1.531109965128801e-7,81.36175,81.30175000000001,0.11205424430515426,,0.04775,,5,Pauls-MacBook-Pro,936381b-dirty,2026-09-29T09:26:51Z
static-ikj,cpu,Apple M1 Pro,f32,1024,2,51.21348011065535,1.531109965128801e-7,41.931999999999995,41.901416,0.02798718159265175,,0.049042,,5,Pauls-MacBook-Pro,936381b-dirty,2026-09-29T09:26:51Z
static-ikj,cpu,Apple M1 Pro,f32,1024,4,99.12893039969782,1.531109965128801e-7,21.663541000000002,21.656666,0.014776531179542928,,0.110375,,5,Pauls-MacBook-Pro,936381b-dirty,2026-09-29T09:26:51Z
static-ikj,cpu,Apple M1 Pro,f32,1024,8,197.12233601706308,1.531109965128801e-7,10.894167,10.875917000000001,0.046240935825304544,,0.12575,,5,Pauls-MacBook-Pro,936381b-dirty,2026-09-29T09:26:51Z
static-ikj,cpu,Apple M1 Pro,f32,1024,10,148.59807447259394,1.531109965128801e-7,14.451625,14.303042,0.18703937004625515,,0.13191599999999998,,5,Pauls-MacBook-Pro,936381b-dirty,2026-09-29T09:26:51Z
static-ikj,cpu,Apple M1 Pro,f32,2048,1,24.361526374861363,3.668671531436935e-7,705.204958,703.4770420000001,1.5968955528531519,,0.040083,,5,Pauls-MacBook-Pro,936381b-dirty,2026-09-29T09:26:51Z
static-ikj,cpu,Apple M1 Pro,f32,2048,2,43.46104649836134,3.668671531436935e-7,395.2935,390.642,5.988465014529919,,0.054916,,5,Pauls-MacBook-Pro,936381b-dirty,2026-09-29T09:26:51Z
static-ikj,cpu,Apple M1 Pro,f32,2048,4,79.50850220553313,3.668671531436935e-7,216.075875,214.84545799999998,1.535303738376779,,0.06883299999999999,,5,Pauls-MacBook-Pro,936381b-dirty,2026-09-29T09:26:51Z
static-ikj,cpu,Apple M1 Pro,f32,2048,8,159.60685562930652,3.668671531436935e-7,107.638667,106.37391699999999,3.049895716875699,,0.133375,,5,Pauls-MacBook-Pro,936381b-dirty,2026-09-29T09:26:51Z
static-ikj,cpu,Apple M1 Pro,f32,2048,10,148.32374104539315,3.668671531436935e-7,115.82683300000001,112.709958,4.516619105306787,,0.18954200000000002,,5,Pauls-MacBook-Pro,936381b-dirty,2026-09-29T09:26:51Z
static-ikj,cpu,Apple M1 Pro,f32,4096,1,25.753277213940393,3.0532236166205797e-7,5336.755875,5325.51825,6.093138537968067,,0.037166000000000005,,5,Pauls-MacBook-Pro,936381b-dirty,2026-09-29T09:26:51Z
static-ikj,cpu,Apple M1 Pro,f32,4096,2,48.858687117770096,3.0532236166205797e-7,2812.989083,2803.248,15.543329249477312,,0.075625,,5,Pauls-MacBook-Pro,936381b-dirty,2026-09-29T09:26:51Z
static-ikj,cpu,Apple M1 Pro,f32,4096,4,63.10096666421803,3.0532236166205797e-7,2178.08,2024.873458,82.50072208566597,,0.1875,,5,Pauls-MacBook-Pro,936381b-dirty,2026-09-29T09:26:51Z
static-ikj,cpu,Apple M1 Pro,f32,4096,8,159.44617262552066,3.0532236166205797e-7,861.977125,797.832125,61.762700327662046,,0.10466700000000001,,5,Pauls-MacBook-Pro,936381b-dirty,2026-09-29T09:26:51Z
static-ikj,cpu,Apple M1 Pro,f32,4096,10,131.47966500348727,3.0532236166205797e-7,1045.324792,1040.4118330000001,23.16413540396582,,0.1905,,5,Pauls-MacBook-Pro,936381b-dirty,2026-09-29T09:26:51Z
static-ikj,cpu,Apple M1 Pro,f64,64,1,11.418416238348287,0.0,0.045916,0.038208,0.025275115677282273,,0.031417,,5,Pauls-MacBook-Pro,936381b-dirty,2026-09-29T09:26:51Z
static-ikj,cpu,Apple M1 Pro,f64,64,2,13.559406196658564,0.0,0.038666,0.03225,0.0042728077770945875,,0.036167,,5,Pauls-MacBook-Pro,936381b-dirty,2026-09-29T09:26:51Z
static-ikj,cpu,Apple M1 Pro,f64,64,4,8.133666361563163,0.0,0.064459,0.035958,0.014688930366095415,,0.048833,,5,Pauls-MacBook-Pro,936381b-dirty,2026-09-29T09:26:51Z
static-ikj,cpu,Apple M1 Pro,f64,64,8,11.008671916010497,0.0,0.047625,0.040917,0.012345642680719375,,0.09425,,5,Pauls-MacBook-Pro,936381b-dirty,2026-09-29T09:26:51Z
static-ikj,cpu,Apple M1 Pro,f64,64,10,10.810061855670103,0.0,0.0485,0.043083,0.0057239876659545665,,0.121708,,5,Pauls-MacBook-Pro,936381b-dirty,2026-09-29T09:26:51Z
static-ikj,cpu,Apple M1 Pro,f64,128,1,13.4415156982576,0.0,0.312041,0.299792,0.017224910586124957,,0.013125000000000001,,5,Pauls-MacBook-Pro,936381b-dirty,2026-09-29T09:26:51Z
static-ikj,cpu,Apple M1 Pro,f64,128,2,20.447551492992076,0.0,0.205125,0.182542,0.013298123615758724,,0.021333,,5,Pauls-MacBook-Pro,936381b-dirty,2026-09-29T09:26:51Z
static-ikj,cpu,Apple M1 Pro,f64,128,4,28.149691275167786,0.0,0.149,0.11604099999999999,0.01750123884757877,,0.06875,,5,Pauls-MacBook-Pro,936381b-dirty,2026-09-29T09:26:51Z
static-ikj,cpu,Apple M1 Pro,f64,128,8,24.134045295525684,0.0,0.173792,0.1155,0.031535599153972006,,0.078208,,5,Pauls-MacBook-Pro,936381b-dirty,2026-09-29T09:26:51Z
static-ikj,cpu,Apple M1 Pro,f64,128,10,26.665717264705133,0.0,0.15729200000000002,0.12787500000000002,0.029289499802830358,,0.106041,,5,Pauls-MacBook-Pro,936381b-dirty,2026-09-29T09:26:51Z
static-ikj,cpu,Apple M1 Pro,f64,256,1,12.734332767353408,0.0,2.634958,2.626792,0.012778391870654163,,0.018084000000000003,,5,Pauls-MacBook-Pro,936381b-dirty,2026-09-29T09:26:51Z
static-ikj,cpu,Apple M1 Pro,f64,256,2,25.147742772946252,0.0,1.334292,1.3139589999999999,0.01987262551098881,,0.03825,,5,Pauls-MacBook-Pro,936381b-dirty,2026-09-29T09:26:51Z
static-ikj,cpu,Apple M1 Pro,f64,256,4,46.06486669037104,0.0,0.728417,0.705375,0.012263510977693149,,0.041625,,5,Pauls-MacBook-Pro,936381b-dirty,2026-09-29T09:26:51Z
static-ikj,cpu,Apple M1 Pro,f64,256,8,81.12283348443638,0.0,0.41362499999999996,0.39829200000000003,0.008586031463953507,,0.09016700000000001,,5,Pauls-MacBook-Pro,936381b-dirty,2026-09-29T09:26:51Z
static-ikj,cpu,Apple M1 Pro,f64,256,10,60.048161033085655,0.0,0.5587920000000001,0.5345000000000001,0.01383282579591021,,0.11670799999999999,,5,Pauls-MacBook-Pro,936381b-dirty,2026-09-29T09:26:51Z
static-ikj,cpu,Apple M1 Pro,f64,512,1,13.080322109602617,0.0,20.522083,20.476708,0.06162925228899088,,0.030957999999999996,,5,Pauls-MacBook-Pro,936381b-dirty,2026-09-29T09:26:51Z
static-ikj,cpu,Apple M1 Pro,f64,512,2,22.160558623281297,0.0,12.113208,10.451167000000002,1.1745604480903473,,0.036458000000000004,,5,Pauls-MacBook-Pro,936381b-dirty,2026-09-29T09:26:51Z
static-ikj,cpu,Apple M1 Pro,f64,512,4,49.31152205149986,0.0,5.4436659999999994,5.405082999999999,0.04792392784194576,,0.044584,,5,Pauls-MacBook-Pro,936381b-dirty,2026-09-29T09:26:51Z
static-ikj,cpu,Apple M1 Pro,f64,512,8,96.72189103073394,0.0,2.7753330000000003,2.764542,0.009135359122661682,,0.10595800000000001,,5,Pauls-MacBook-Pro,936381b-dirty,2026-09-29T09:26:51Z
static-ikj,cpu,Apple M1 Pro,f64,512,10,74.8974080102856,0.0,3.584042,3.557959,0.035099386352185624,,0.122292,,5,Pauls-MacBook-Pro,936381b-dirty,2026-09-29T09:26:51Z
static-ikj,cpu,Apple M1 Pro,f64,1024,1,12.932954253663578,0.0,166.047417,165.340584,1.3479459269684009,,0.041166,,5,Pauls-MacBook-Pro,936381b-dirty,2026-09-29T09:26:51Z
static-ikj,cpu,Apple M1 Pro,f64,1024,2,25.09712542290147,0.0,85.566917,85.52204099999999,0.090778691914458,,0.058875000000000004,,5,Pauls-MacBook-Pro,936381b-dirty,2026-09-29T09:26:51Z
static-ikj,cpu,Apple M1 Pro,f64,1024,4,48.51042271592667,0.0,44.2685,44.071416,0.11174645086399909,,0.078375,,5,Pauls-MacBook-Pro,936381b-dirty,2026-09-29T09:26:51Z
static-ikj,cpu,Apple M1 Pro,f64,1024,8,96.63863943279819,0.0,22.221791,22.212916999999997,0.013449299089543709,,0.133208,,5,Pauls-MacBook-Pro,936381b-dirty,2026-09-29T09:26:51Z
static-ikj,cpu,Apple M1 Pro,f64,1024,10,86.37845611985263,0.0,24.861334,24.590709,0.34608754255058055,,0.16175,,5,Pauls-MacBook-Pro,936381b-dirty,2026-09-29T09:26:51Z
static-ikj,cpu,Apple M1 Pro,f64,2048,1,12.868084103115462,0.0,1335.075917,1330.55325,2.9214657859036928,,0.049792,,5,Pauls-MacBook-Pro,936381b-dirty,2026-09-29T09:26:51Z
static-ikj,cpu,Apple M1 Pro,f64,2048,2,24.052152385125776,0.0,714.27575,706.231167,6.403681941044348,,0.052500000000000005,,5,Pauls-MacBook-Pro,936381b-dirty,2026-09-29T09:26:51Z
static-ikj,cpu,Apple M1 Pro,f64,2048,4,34.08228579466452,0.0,504.070334,502.64795799999996,0.8982959202051667,,0.193833,,5,Pauls-MacBook-Pro,936381b-dirty,2026-09-29T09:26:51Z
static-ikj,cpu,Apple M1 Pro,f64,2048,8,81.25171415109594,0.0,211.440083,210.495709,5.925941180780463,,0.13674999999999998,,5,Pauls-MacBook-Pro,936381b-dirty,2026-09-29T09:26:51Z
static-ikj,cpu,Apple M1 Pro,f64,2048,10,68.31990775549201,0.0,251.462125,247.89575,8.204810778308923,,0.168667,,5,Pauls-MacBook-Pro,936381b-dirty,2026-09-29T09:26:51Z
static-ikj,cpu,Apple M1 Pro,f64,4096,1,12.888366089493172,0.0,10663.799625,10663.453458,5.727719376200744,,0.036708000000000005,,5,Pauls-MacBook-Pro,936381b-dirty,2026-09-29T09:26:51Z
static-ikj,cpu,Apple M1 Pro,f64,4096,2,24.896829516656204,0.0,5520.339583,5508.682917,9.877812270582114,,0.07470900000000001,,5,Pauls-MacBook-Pro,936381b-dirty,2026-09-29T09:26:51Z
static-ikj,cpu,Apple M1 Pro,f64,4096,4,32.24815378300949,0.0,4261.916958,4175.226957999999,96.77737683448733,,0.091834,,5,Pauls-MacBook-Pro,936381b-dirty,2026-09-29T09:26:51Z
static-ikj,cpu,Apple M1 Pro,f64,4096,8,63.4843484075783,0.0,2164.9265830000004,1679.5199589999997,315.130013714807,,0.12875,,5,Pauls-MacBook-Pro,936381b-dirty,2026-09-29T09:26:51Z
static-ikj,cpu,Apple M1 Pro,f64,4096,10,56.22977528047596,0.0,2444.238,2350.385083,57.333342324539224,,0.19625,,5,Pauls-MacBook-Pro,936381b-dirty,2026-09-29T09:26:51Z
static-ikj,cpu,Apple M1 Pro,i32,64,1,16.029350617585912,0.0,0.032708,0.027667,0.010423168174792153,,0.040540999999999994,,5,Pauls-MacBook-Pro,936381b-dirty,2026-09-29T09:26:51Z
static-ikj,cpu,Apple M1 Pro,i32,64,2,16.090844919129605,0.0,0.032583,0.022500000000000003,0.02143687807727608,,0.03125,,5,Pauls-MacBook-Pro,936381b-dirty,2026-09-29T09:26:51Z
static-ikj,cpu,Apple M1 Pro,i32,64,4,16.55681172235205,0.0,0.031666,0.023292,0.02274440478007723,,0.06129199999999999,,5,Pauls-MacBook-Pro,936381b-dirty,2026-09-29T09:26:51Z
static-ikj,cpu,Apple M1 Pro,i32,64,8,11.018157363819773,0.0,0.047583999999999994,0.02775,0.035551238161279274,,0.09825,,5,Pauls-MacBook-Pro,936381b-dirty,2026-09-29T09:26:51Z
static-ikj,cpu,Apple M1 Pro,i32,64,10,9.876759037733361,0.0,0.053083,0.038625,0.014304779218848504,,0.098625,,5,Pauls-MacBook-Pro,936381b-dirty,2026-09-29T09:26:51Z
static-ikj,cpu,Apple M1 Pro,i32,128,1,30.329332137795387,0.0,0.138292,0.134625,0.004332807692478395,,0.022584,,5,Pauls-MacBook-Pro,936381b-dirty,2026-09-29T09:26:51Z
static-ikj,cpu,Apple M1 Pro,i32,128,2,56.39400336134454,0.0,0.07437500000000001,0.074,0.0009380454679811604,,0.023625,,5,Pauls-MacBook-Pro,936381b-dirty,2026-09-29T09:26:51Z
static-ikj,cpu,Apple M1 Pro,i32,128,4,58.05265051903114,0.0,0.07225,0.045917,0.014898783651694525,,0.039708,,5,Pauls-MacBook-Pro,936381b-dirty,2026-09-29T09:26:51Z
static-ikj,cpu,Apple M1 Pro,i32,128,8,48.74773654420567,0.0,0.08604099999999999,0.07341700000000001,0.04187159926728378,,0.082292,,5,Pauls-MacBook-Pro,936381b-dirty,2026-09-29T09:26:51Z
static-ikj,cpu,Apple M1 Pro,i32,128,10,39.42941480611046,0.0,0.106375,0.08016699999999999,0.037889933289727507,,0.12825,,5,Pauls-MacBook-Pro,936381b-dirty,2026-09-29T09:26:51Z
static-ikj,cpu,Apple M1 Pro,i32,256,1,25.59453241800152,0.0,1.3110000000000002,1.286667,0.02197762069242254,,0.013625000000000002,,5,Pauls-MacBook-Pro,936381b-dirty,2026-09-29T09:26:51Z
static-ikj,cpu,Apple M1 Pro,i32,256,2,35.46980126849894,0.0,0.9460000000000001,0.941458,0.0054356719179876715,,0.024916,,5,Pauls-MacBook-Pro,936381b-dirty,2026-09-29T09:26:51Z
static-ikj,cpu,Apple M1 Pro,i32,256,4,65.70719805117238,0.0,0.510666,0.39641699999999996,0.06936655880681988,,0.035417000000000004,,5,Pauls-MacBook-Pro,936381b-dirty,2026-09-29T09:26:51Z
static-ikj,cpu,Apple M1 Pro,i32,256,8,119.83725714285714,0.0,0.27999999999999997,0.25425,0.011760276599638308,,0.095334,,5,Pauls-MacBook-Pro,936381b-dirty,2026-09-29T09:26:51Z
static-ikj,cpu,Apple M1 Pro,i32,256,10,103.48321356977641,0.0,0.32425,0.281875,0.028384086823429792,,0.110167,,5,Pauls-MacBook-Pro,936381b-dirty,2026-09-29T09:26:51Z
static-ikj,cpu,Apple M1 Pro,i32,512,1,25.74951315963021,0.0,10.424875,10.249958,0.1787126395846134,,0.029,,5,Pauls-MacBook-Pro,936381b-dirty,2026-09-29T09:26:51Z
static-ikj,cpu,Apple M1 Pro,i32,512,2,50.09993579693916,0.0,5.358,5.294499999999999,0.0416175247377834,,0.024042,,5,Pauls-MacBook-Pro,936381b-dirty,2026-09-29T09:26:51Z
static-ikj,cpu,Apple M1 Pro,i32,512,4,97.70320638204478,0.0,2.747458,2.7243329999999997,0.018061546132599027,,0.04425,,5,Pauls-MacBook-Pro,936381b-dirty,2026-09-29T09:26:51Z
static-ikj,cpu,Apple M1 Pro,i32,512,8,183.975326985972,0.0,1.459084,1.4238339999999998,0.1022367785544909,,0.076208,,5,Pauls-MacBook-Pro,936381b-dirty,2026-09-29T09:26:51Z
static-ikj,cpu,Apple M1 Pro,i32,512,10,135.0703596452607,0.0,1.987375,1.829792,0.15460234488745642,,0.112084,,5,Pauls-MacBook-Pro,936381b-dirty,2026-09-29T09:26:51Z
static-ikj,cpu,Apple M1 Pro,i32,1024,1,26.22778026602634,0.0,81.878208,81.15070800000001,0.6602103299454651,,0.045291,,5,Pauls-MacBook-Pro,936381b-dirty,2026-09-29T09:26:51Z
static-ikj,cpu,Apple M1 Pro,i32,1024,2,49.411740364924874,0.0,43.461,42.183875,1.2157329803753376,,0.049084,,5,Pauls-MacBook-Pro,936381b-dirty,2026-09-29T09:26:51Z
static-ikj,cpu,Apple M1 Pro,i32,1024,4,99.36341909375524,0.0,21.612416999999997,21.359084,0.1265498632247384,,0.10041599999999999,,5,Pauls-MacBook-Pro,936381b-dirty,2026-09-29T09:26:51Z
static-ikj,cpu,Apple M1 Pro,i32,1024,8,197.35029802189626,0.0,10.881583000000001,10.85825,0.023382312017848343,,0.137916,,5,Pauls-MacBook-Pro,936381b-dirty,2026-09-29T09:26:51Z
static-ikj,cpu,Apple M1 Pro,i32,1024,10,149.11441665822431,0.0,14.401583,14.156291999999999,0.19985363413383342,,0.14820799999999998,,5,Pauls-MacBook-Pro,936381b-dirty,2026-09-29T09:26:51Z
static-ikj,cpu,Apple M1 Pro,i32,2048,1,24.759859934106448,0.0,693.859708,691.703542,1.0549391037816926,,0.047084,,5,Pauls-MacBook-Pro,936381b-dirty,2026-09-29T09:26:51Z
static-ikj,cpu,Apple M1 Pro,i32,2048,2,45.073932224981384,0.0,381.148667,368.426708,8.288741097042356,,0.047208,,5,Pauls-MacBook-Pro,936381b-dirty,2026-09-29T09:26:51Z
static-ikj,cpu,Apple M1 Pro,i32,2048,4,74.55716626589064,0.0,230.425458,228.698458,1.051880733967359,,0.092,,5,Pauls-MacBook-Pro,936381b-dirty,2026-09-29T09:26:51Z
static-ikj,cpu,Apple M1 Pro,i32,2048,8,162.1935248018871,0.0,105.922041,105.75175,0.1370094309005788,,0.159916,,5,Pauls-MacBook-Pro,936381b-dirty,2026-09-29T09:26:51Z
static-ikj,cpu,Apple M1 Pro,i32,2048,10,147.01187643374575,0.0,116.860417,114.319334,4.357606221663365,,0.16504200000000002,,5,Pauls-MacBook-Pro,936381b-dirty,2026-09-29T09:26:51Z
static-ikj,cpu,Apple M1 Pro,i32,4096,1,25.895748153383533,0.0,5307.394582999999,5304.742042,3.93537038021522,,0.040375,,5,Pauls-MacBook-Pro,936381b-dirty,2026-09-29T09:26:51Z
static-ikj,cpu,Apple M1 Pro,i32,4096,2,48.98230057101755,0.0,2805.890125,2805.503084,5.7781693708005974,,0.078584,,5,Pauls-MacBook-Pro,936381b-dirty,2026-09-29T09:26:51Z
static-ikj,cpu,Apple M1 Pro,i32,4096,4,66.99718430636041,0.0,2051.413875,2039.2682089999998,48.704740657872854,,0.074292,,5,Pauls-MacBook-Pro,936381b-dirty,2026-09-29T09:26:51Z
static-ikj,cpu,Apple M1 Pro,i32,4096,8,165.7019058344272,0.0,829.4349589999999,796.028792,220.8356230440417,,0.17733300000000002,,5,Pauls-MacBook-Pro,936381b-dirty,2026-09-29T09:26:51Z
static-ikj,cpu,Apple M1 Pro,i32,4096,10,127.68351774486001,0.0,1076.40325,1055.922916,113.40307927677942,,0.21054099999999998,,5,Pauls-MacBook-Pro,936381b-dirty,2026-09-29T09:26:51Z
static-ikj,cpu,Apple M1 Pro,i64,64,1,5.6884568229409656,0.0,0.092167,0.091084,0.009275421456731764,,0.044875,,5,Pauls-MacBook-Pro,936381b-dirty,2026-09-29T09:26:51Z
static-ikj,cpu,Apple M1 Pro,i64,64,2,10.547356562323973,0.0,0.049708,0.048374999999999994,0.001086150311881372,,0.028834,,5,Pauls-MacBook-Pro,936381b-dirty,2026-09-29T09:26:51Z
static-ikj,cpu,Apple M1 Pro,i64,64,4,10.582911124119418,0.0,0.049541,0.046583,0.011171118332557397,,0.122583,,5,Pauls-MacBook-Pro,936381b-dirty,2026-09-29T09:26:51Z
static-ikj,cpu,Apple M1 Pro,i64,64,8,7.3284969458072995,0.0,0.071541,0.034875,0.021218221763380646,,0.08316599999999999,,5,Pauls-MacBook-Pro,936381b-dirty,2026-09-29T09:26:51Z
static-ikj,cpu,Apple M1 Pro,i64,64,10,8.892567590488143,0.0,0.058958,0.040166,0.03445559806040231,,0.126,,5,Pauls-MacBook-Pro,936381b-dirty,2026-09-29T09:26:51Z
static-ikj,cpu,Apple M1 Pro,i64,128,1,6.326651160405335,0.0,0.6629579999999999,0.661625,0.0048131594924747684,,0.014708,,5,Pauls-MacBook-Pro,936381b-dirty,2026-09-29T09:26:51Z
static-ikj,cpu,Apple M1 Pro,i64,128,2,11.19848775304238,0.0,0.374542,0.361209,0.010500520763276452,,0.023333,,5,Pauls-MacBook-Pro,936381b-dirty,2026-09-29T09:26:51Z
static-ikj,cpu,Apple M1 Pro,i64,128,4,19.6953592005973,0.0,0.212959,0.20266699999999999,0.005622017120215844,,0.039834,,5,Pauls-MacBook-Pro,936381b-dirty,2026-09-29T09:26:51Z
static-ikj,cpu,Apple M1 Pro,i64,128,8,26.525242687747035,0.0,0.15812500000000002,0.154541,0.0028589912032043786,,0.07975,,5,Pauls-MacBook-Pro,936381b-dirty,2026-09-29T09:26:51Z
static-ikj,cpu,Apple M1 Pro,i64,128,10,19.3583857181099,0.0,0.216666,0.175875,0.028554730907504624,,0.137709,,5,Pauls-MacBook-Pro,936381b-dirty,2026-09-29T09:26:51Z
static-ikj,cpu,Apple M1 Pro,i64,256,1,6.349044211893452,0.0,5.2849580000000005,5.240375,0.0663023641607145,,0.01575,,5,Pauls-MacBook-Pro,936381b-dirty,2026-09-29T09:26:51Z
static-ikj,cpu,Apple M1 Pro,i64,256,2,12.282380570998521,0.0,2.731916,2.721334,0.01747968397025529,,0.033666,,5,Pauls-MacBook-Pro,936381b-dirty,2026-09-29T09:26:51Z
static-ikj,cpu,Apple M1 Pro,i64,256,4,23.403951153233436,0.0,1.433708,1.4031250000000002,0.0206160834980846,,0.040083999999999995,,5,Pauls-MacBook-Pro,936381b-dirty,2026-09-29T09:26:51Z
static-ikj,cpu,Apple M1 Pro,i64,256,8,43.61490847928208,0.0,0.769334,0.7574580000000001,0.04510901677824513,,0.09754199999999999,,5,Pauls-MacBook-Pro,936381b-dirty,2026-09-29T09:26:51Z
static-ikj,cpu,Apple M1 Pro,i64,256,10,36.84939428915321,0.0,0.9105829999999999,0.885,0.01591372494735284,,0.12204100000000001,,5,Pauls-MacBook-Pro,936381b-dirty,2026-09-29T09:26:51Z
static-ikj,cpu,Apple M1 Pro,i64,512,1,6.145652741344297,0.0,43.678917,42.249334,0.8946485242395505,,0.039833,,5,Pauls-MacBook-Pro,936381b-dirty,2026-09-29T09:26:51Z
static-ikj,cpu,Apple M1 Pro,i64,512,2,12.333944772361718,0.0,21.763958,21.750791,0.08563460136124963,,0.064709,,5,Pauls-MacBook-Pro,936381b-dirty,2026-09-29T09:26:51Z
static-ikj,cpu,Apple M1 Pro,i64,512,4,23.809606492671353,0.0,11.27425,11.241917,0.020375527396854748,,0.064125,,5,Pauls-MacBook-Pro,936381b-dirty,2026-09-29T09:26:51Z
static-ikj,cpu,Apple M1 Pro,i64,512,8,45.60478345261102,0.0,5.886125,5.702292,1.162285809320281,,0.114708,,5,Pauls-MacBook-Pro,936381b-dirty,2026-09-29T09:26:51Z
static-ikj,cpu,Apple M1 Pro,i64,512,10,40.16040135946845,0.0,6.684083,6.495875,0.25135663978757367,,0.145375,,5,Pauls-MacBook-Pro,936381b-dirty,2026-09-29T09:26:51Z
static-ikj,cpu,Apple M1 Pro,i64,1024,1,6.280665705914911,0.0,341.91975,339.63158300000003,2.43083375617501,,0.0455,,5,Pauls-MacBook-Pro,936381b-dirty,2026-09-29T09:26:51Z
static-ikj,cpu,Apple M1 Pro,i64,1024,2,12.30153244120394,0.0,174.570417,174.54641600000002,2.0341817521972945,,0.066084,,5,Pauls-MacBook-Pro,936381b-dirty,2026-09-29T09:26:51Z
static-ikj,cpu,Apple M1 Pro,i64,1024,4,23.75503265398843,0.0,90.401208,90.25470800000001,0.11247530330165756,,0.066666,,5,Pauls-MacBook-Pro,936381b-dirty,2026-09-29T09:26:51Z
static-ikj,cpu,Apple M1 Pro,i64,1024,8,47.32741950960619,0.0,45.375042,45.358041,0.016462596711939538,,0.157083,,5,Pauls-MacBook-Pro,936381b-dirty,2026-09-29T09:26:51Z
static-ikj,cpu,Apple M1 Pro,i64,1024,10,50.70879505941687,0.0,42.349333,41.296917,2.320160165920383,,0.17529199999999998,,5,Pauls-MacBook-Pro,936381b-dirty,2026-09-29T09:26:51Z
static-ikj,cpu,Apple M1 Pro,i64,2048,1,6.355156316647112,0.0,2703.2960839999996,2702.036208,7.003312176838848,,0.046167,,5,Pauls-MacBook-Pro,936381b-dirty,2026-09-29T09:26:51Z
static-ikj,cpu,Apple M1 Pro,i64,2048,2,12.712291226016488,0.0,1351.437666,1346.4322499999998,5.07349034941814,,0.054875,,5,Pauls-MacBook-Pro,936381b-dirty,2026-09-29T09:26:51Z
static-ikj,cpu,Apple M1 Pro,i64,2048,4,24.132522257525928,0.0,711.8969579999999,693.539166,12.776398812849225,,0.07454200000000001,,5,Pauls-MacBook-Pro,936381b-dirty,2026-09-29T09:26:51Z
static-ikj,cpu,Apple M1 Pro,i64,2048,8,47.08357661586173,0.0,364.880292,358.335375,4.109209648238844,,0.150584,,5,Pauls-MacBook-Pro,936381b-dirty,2026-09-29T09:26:51Z
static-ikj,cpu,Apple M1 Pro,i64,2048,10,47.54172299190743,0.0,361.364042,354.46775,4.762488820325337,,0.181584,,5,Pauls-MacBook-Pro,936381b-dirty,2026-09-29T09:26:51Z
static-ikj,cpu,Apple M1 Pro,i64,4096,1,6.347102294002658,0.0,21653.811,21647.84525,27.31460258493658,,0.0425,,5,Pauls-MacBook-Pro,936381b-dirty,2026-09-29T09:26:51Z
static-ikj,cpu,Apple M1 Pro,i64,4096,2,12.520947771357498,0.0,10976.72125,10814.314124999999,174.82161240040682,,0.063334,,5,Pauls-MacBook-Pro,936381b-dirty,2026-09-29T09:26:51Z
static-ikj,cpu,Apple M1 Pro,i64,4096,4,24.48174968458542,0.0,5613.935084,5597.821292,27.947662665714986,,0.074875,,5,Pauls-MacBook-Pro,936381b-dirty,2026-09-29T09:26:51Z
static-ikj,cpu,Apple M1 Pro,i64,4096,8,39.568722911488386,0.0,3473.424042,3295.239417,116.80183622255375,,0.149042,,5,Pauls-MacBook-Pro,936381b-dirty,2026-09-29T09:26:51Z
static-ikj,cpu,Apple M1 Pro,i64,4096,10,40.315807657620404,0.0,3409.058666,3354.270042,31.7445017548156,,0.191375,,5,Pauls-MacBook-Pro,936381b-dirty,2026-09-29T09:26:51Z
